symbol,nextFundingRate,oraclePrice,priceChange24H,volume24H,openInterest,source,has_interest_component,interest_rate_per_interval
BTC-USD,7.94140625e-06,95099.59895,-196.19189,55185238.2137,359.3839,dydx,False,0.0
ETH-USD,3.874609375e-05,3310.61224,24.096219,12210375.6477,7718.184,dydx,False,0.0
LINK-USD,0.0,13.676580888,0.000580888,16491.146,131292.0,dydx,False,0.0
MATIC-USD,0.0,0.3932407381,0.0,0.0,0.0,dydx,False,0.0
CRV-USD,0.0,0.4133759872,-0.0214835906,17651.381,605660.0,dydx,False,0.0
SOL-USD,5.064453125e-05,142.65216838,-1.6045546,24520199.185,198813.8,dydx,False,0.0
ADA-USD,0.0,0.3942951437,-0.0011573745,10606.796,1067740.0,dydx,False,0.0
AVAX-USD,0.0,13.63906284,0.08906284,58822.891,13494.1,dydx,False,0.0
FIL-USD,-5.1953125e-06,1.527241827,0.015755839,72268.042,187431.0,dydx,False,0.0
LTC-USD,0.0,74.42767169,0.23509121,18506.428,18698.8,dydx,False,0.0
DOGE-USD,3.8671875e-07,0.13719570141,-0.00043300997,369635.018,11781200.0,dydx,False,0.0
ATOM-USD,-2.28515625e-06,2.531183582,0.011508048,24407.943,96025.0,dydx,False,0.0
DOT-USD,0.0,2.154353693,0.024173248,32910.376,128547.0,dydx,False,0.0
UNI-USD,8.3203125e-07,5.319202089,-0.00899885,174166.498,355429.0,dydx,False,0.0
BCH-USD,-3.6328125e-07,593.8404333,2.4128616,128886.438,995.11,dydx,False,0.0
TRX-USD,0.0,0.31910426871,0.00774668611,181586.086,1117600.0,dydx,False,0.0
NEAR-USD,0.0,1.714976329,-0.013277693,22767.487,71638.0,dydx,False,0.0
MKR-USD,0.0,1763.39,0.0,0.0,0.0,dydx,False,0.0
XLM-USD,0.0,0.2284314705,0.0031054705,3847.546,504080.0,dydx,False,0.0
ETC-USD,-6.875e-07,12.75567329,-0.02070319,13199.422,1487.2,dydx,False,0.0
COMP-USD,-2.1875e-07,26.66466706,-0.11637238,763.859,3481.0,dydx,False,0.0
WLD-USD,0.0,0.544313922,-0.009997572,8270.462,94811.0,dydx,False,0.0
APE-USD,0.0,0.222941685,0.00159744,11137.722,187818.0,dydx,False,0.0
APT-USD,0.0,1.819454163,0.012054163,81440.193,45928.0,dydx,False,0.0
ARB-USD,0.0,0.213646588,0.00290981,310.483,930678.0,dydx,False,0.0
BLUR-USD,-3.98515625e-05,0.0390951137,0.0041515808,289946.961,619120.0,dydx,False,0.0
LDO-USD,0.0,0.603324669,0.000988732,6209.227,172120.0,dydx,False,0.0
OP-USD,0.0,0.34052573,-0.001296776,2800.411,417419.0,dydx,False,0.0
PEPE-USD,0.0,5.7845538759e-06,-8.06865519e-08,7816.583,49210000000.0,dydx,False,0.0
SEI-USD,-3.125e-07,0.1199220053,0.0006551551,7405.423,2086230.0,dydx,False,0.0
SHIB-USD,0.0,8.390451147e-06,-1.21579862e-07,6509.039,7661000000.0,dydx,False,0.0
SUI-USD,0.0,1.7771668499,-0.0109250725,30348.184,349500.0,dydx,False,0.0
XRP-USD,0.0,2.0530113455,-0.0092573375,174483.414,2635600.0,dydx,False,0.0
TIA-USD,0.0,0.56570857,-0.01656674,2535.36,232769.9,dydx,False,0.0
EIGEN-USD,0.0,0.396114277,-0.010413764,1941.96,3522.0,dydx,False,0.0
JUP-USD,0.0,0.2218352218,-0.0017200671,3422.673,162220.0,dydx,False,0.0
AAVE-USD,5.9765625e-07,173.5,-1.42938837,229714.794,12543.3,dydx,False,0.0
BNB-USD,0.0,948.4401012,11.1304091,54009.853,548.34,dydx,False,0.0
JTO-USD,0.0,0.395881235,-0.019494152,1003.778,5831.0,dydx,False,0.0
ORDI-USD,0.0,5.04976507,-0.10048348,2888.167,8237.2,dydx,False,0.0
EOS-USD,0.0,0.8167633526,0.0,0.0,0.0,dydx,False,0.0
ICP-USD,0.0,3.98680395,-0.13177483,20757.457,23986.1,dydx,False,0.0
DYM-USD,0.0,0.069149255,-0.001533244,0.0,226108.0,dydx,False,0.0
STRK-USD,0.0,0.083477304,-0.001593765,5745.569,805226.0,dydx,False,0.0
FET-USD,0.0,1.34838175,0.0,0.0,0.0,dydx,False,0.0
WOO-USD,0.0,0.0303358992,4.61999e-05,287.256,409520.0,dydx,False,0.0
PYTH-USD,0.0,0.0653212706,-0.0003190373,175.439,757340.0,dydx,False,0.0
BONK-USD,-2.941015625e-05,1.033825071e-05,-2.9813216e-07,108641.23,14688600000.0,dydx,False,0.0
AGIX-USD,0.0,0.5984417141,0.0,0.0,0.0,dydx,False,0.0
RENDER-USD,0.0,2.178387882,-0.098928922,842.714,6573.0,dydx,False,0.0
STX-USD,0.0,0.357542737,-0.010544677,27489.965,57870.0,dydx,False,0.0
INJ-USD,0.0,5.23065334,-0.13773614,84281.371,17680.6,dydx,False,0.0
IMX-USD,0.0,0.287709995,0.002802733,17863.331,122612.0,dydx,False,0.0
HBAR-USD,0.0,0.1171507126,-0.0011215462,17597.067,168220.0,dydx,False,0.0
ALGO-USD,-3.72265625e-05,0.1284623729,-0.0030031113,143895.734,1449150.0,dydx,False,0.0
GRT-USD,7.0703125e-07,0.0421199688,-0.000947111,7376.314,1236440.0,dydx,False,0.0
MANA-USD,-3.765625e-06,0.1612,0.0113449566,39697.707,55400.0,dydx,False,0.0
RUNE-USD,0.0,0.66184833,-0.01514857,1001.444,110817.0,dydx,False,0.0
AXL-USD,3.11328125e-06,0.077404081,0.003069609,200.1,127607.0,dydx,False,0.0
AEVO-USD,0.0,0.041982405,-0.000383782,1689.591,51462.0,dydx,False,0.0
ASTR-USD,0.0,0.0114424225,0.0004112291,0.0,1431820.0,dydx,False,0.0
SNX-USD,0.0,0.478980256,0.003290762,19167.184,68380.0,dydx,False,0.0
ARKM-USD,2.1875e-07,0.206937918,-0.0026408,2098.646,9206.0,dydx,False,0.0
DYDX-USD,0.0,0.193641907,-0.0019994,1622.901,741076.0,dydx,False,0.0
CHZ-USD,9.105859375e-05,0.0615,0.0032,50116.916,2341870.0,dydx,False,0.0
WIF-USD,0.0,0.374094828,-0.011396581,100685.882,152378.0,dydx,False,0.0
ETHFI-USD,0.0,0.731017247,-0.012796162,53.747,7693.0,dydx,False,0.0
TON-USD,-1.25390625e-06,1.713210805,0.009721852,17333.373,45181.0,dydx,False,0.0
W-USD,6.671875e-06,0.0361099457,-0.0001175531,0.0,479750.0,dydx,False,0.0
MOTHER-USD,1.25e-05,0.0115072852,0.0,0.0,0.0,dydx,False,0.0
MOG-USD,1.25e-05,2.968945783e-07,-7.0348167e-09,0.0,0.0,dydx,False,0.0
GOAT-USD,1.25e-05,0.0370071299,-0.0004353815,0.0,0.0,dydx,False,0.0
TREMP-USD,1.25e-05,0.0522455407,0.0,0.0,0.0,dydx,False,0.0
BODEN-USD,1.25e-05,0.0020638314,0.0,0.0,0.0,dydx,False,0.0
ZRO-USD,4.8046875e-06,1.722305538,0.076323241,1939.322,22668.0,dydx,False,0.0
ZK-USD,0.0,0.033919824,-0.0012304061,0.0,808250.0,dydx,False,0.0
TLOS-USD,1.25e-05,0.0226504699,0.0005309715,0.0,0.0,dydx,False,0.0
ONDO-USD,0.0,0.384206619,-0.001166306,10246.051,63993.0,dydx,False,0.0
ENA-USD,1.796875e-07,0.2177055741,-0.0017254093,2873.524,4702980.0,dydx,False,0.0
IO-USD,1.25e-05,0.170707323,0.003215121,0.0,33786.0,dydx,False,0.0
AR-USD,1.25e-05,4.03919216,0.00013047,0.0,0.0,dydx,False,0.0
KAS-USD,1.25e-05,0.0437651044,-0.0007831318,0.0,66980.0,dydx,False,0.0
NOT-USD,1.25e-05,0.00061001699,-2.90302e-05,0.0,26500.0,dydx,False,0.0
ENS-USD,0.0,10.24504569,-0.05840827,0.0,369.2,dydx,False,0.0
FLOKI-USD,0.0,4.90231563e-05,-1.9534599e-06,0.0,201590000.0,dydx,False,0.0
TAO-USD,0.0001429609375,272.0283914,-3.4102824,626.913,285.61,dydx,False,0.0
FTM-USD,0.0,0.7723027697,0.0,0.0,0.0,dydx,False,0.0
SAFE-USD,1.25e-05,0.212846788,0.029809034,0.0,0.0,dydx,False,0.0
TAIKO-USD,1.25e-05,0.178852437,0.001105762,0.0,10000.0,dydx,False,0.0
AKT-USD,1.25e-05,0.461761471,0.001020461,0.0,7736.0,dydx,False,0.0
CAKE-USD,0.00034386328125,2.105473636,-0.014890254,604.45,20246.0,dydx,False,0.0
BRETT-USD,1.25e-05,0.016255936,-0.0005007126,0.0,1970.0,dydx,False,0.0
SATS-USD,1.25e-05,1.86544036e-08,-1.0116631e-09,0.0,0.0,dydx,False,0.0
BLAST-USD,-6.821484375e-05,0.00087300969,6.375247e-05,0.0,16689900.0,dydx,False,0.0
XMR-USD,0.00055972265625,562.3744753,-63.8425996,30236.631,569.15,dydx,False,0.0
THETA-USD,1.25e-05,0.3349995,0.02000432,0.0,18491.0,dydx,False,0.0
ENJ-USD,1.25e-05,0.0333812345,0.0009822525,6.12,18530.0,dydx,False,0.0
1INCH-USD,0.0,0.1573606602,-0.0046393398,1003.824,519240.0,dydx,False,0.0
XTZ-USD,1.25e-05,0.6146772511,0.0016772511,46.265,2500.0,dydx,False,0.0
UMA-USD,1.25e-05,0.7764029,-0.0125971,0.0,1126.0,dydx,False,0.0
CVX-USD,1.25e-05,2.129564379,0.062098775,0.0,103.0,dydx,False,0.0
SUSHI-USD,1.25e-05,0.3461134724,0.0090146021,0.0,10.0,dydx,False,0.0
ZRX-USD,1.25e-05,0.146463,-0.0048778118,0.0,0.0,dydx,False,0.0
PENDLE-USD,0.0,2.085478635,-0.035884955,14.721,9226.0,dydx,False,0.0
DEGEN-USD,1.25e-05,0.001294926271,-4.8305082e-05,0.0,0.0,dydx,False,0.0
MNT-USD,-2.97421875e-05,0.9522109893,0.0052330287,142.3,17770.0,dydx,False,0.0
JASMY-USD,1.25e-05,0.00805273608,-7.876245e-05,2.087,886900.0,dydx,False,0.0
CORE-USD,1.25e-05,0.132566858,0.007304437,0.0,402.0,dydx,False,0.0
PEOPLE-USD,0.0,0.0106199834,-3.583955e-05,58.968,54200.0,dydx,False,0.0
GMX-USD,1.25e-05,7.98060581,-0.05928621,0.0,0.0,dydx,False,0.0
POPCAT-USD,-8.6484375e-06,0.0902736391,-0.0039263609,2048.919,33620.0,dydx,False,0.0
PRIME-USD,1.25e-05,0.777081266,0.02199917,0.0,1100.0,dydx,False,0.0
GALA-USD,1.25e-05,0.00767475428,0.00030696462,0.0,42900.0,dydx,False,0.0
AXS-USD,1.25e-05,2.109999999,0.716680798,0.0,357.0,dydx,False,0.0
XAI-USD,1.25e-05,0.0183345812,-0.0013587216,749.952,132290.0,dydx,False,0.0
MEW-USD,1.25e-05,0.001103579284,6.0128953e-05,0.0,0.0,dydx,False,0.0
BEAM-USD,-8.515625e-07,0.00320130377,9.42359e-05,0.0,849100.0,dydx,False,0.0
NEO-USD,1.25e-05,4.01713065,0.01599132,0.0,1.0,dydx,False,0.0
EGLD-USD,1.25e-05,6.65800259,0.44011712,0.0,205.1,dydx,False,0.0
ALT-USD,1.25e-05,0.0127063832,-0.0003591082,0.0,0.0,dydx,False,0.0
PIXEL-USD,1.25e-05,0.0101587867,1.2288e-05,0.0,0.0,dydx,False,0.0
TURBO-USD,1.25e-05,0.001758253642,-6.4739664e-05,0.0,0.0,dydx,False,0.0
BOME-USD,1.25e-05,0.00065546636,-2.3080076e-05,0.0,0.0,dydx,False,0.0
TRB-USD,1.25e-05,22.4633573,-0.3032423,3.87,17.32,dydx,False,0.0
ZEN-USD,7.73046875e-06,11.296305508,-1.021443956,6696.457,2825.0,dydx,False,0.0
BICO-USD,1.25e-05,0.0448660267,0.0013758263,0.0,0.0,dydx,False,0.0
OM-USD,1.25e-05,0.0752811798,-0.0005430346,0.0,144710.0,dydx,False,0.0
DMAIL-USD,1.25e-05,0.122414688,0.0,0.0,0.0,dydx,False,0.0
MAVIA-USD,1.25e-05,0.256523043,0.0,0.0,0.0,dydx,False,0.0
ZERO-USD,1.25e-05,0.0001357133475,0.0,0.0,0.0,dydx,False,0.0
VRTX-USD,1.25e-05,0.0646862886,0.0,0.0,0.0,dydx,False,0.0
MICHI-USD,1.25e-05,0.0041275192,0.0004057405,0.0,0.0,dydx,False,0.0
AURORA-USD,1.25e-05,0.15936812,0.0,0.0,0.0,dydx,False,0.0
FOXY-USD,1.25e-05,0.00472618214,0.0,0.0,0.0,dydx,False,0.0
PAXG-USD,0.0,4616.300935,4.74277,221.66,18.299,dydx,False,0.0
GME-USD,1.25e-05,0.002515523236,0.0,0.0,0.0,dydx,False,0.0
DRIFT-USD,0.0,0.1904119176,0.0093236761,3097.981,18600.0,dydx,False,0.0
EURC-USD,1.25e-05,1.0356,0.0,0.0,0.0,dydx,False,0.0
RETARDIO-USD,1.25e-05,0.0392881969,0.0,0.0,0.0,dydx,False,0.0
DAI-USD,1.25e-05,1.0001004101,0.0,0.0,290.0,dydx,False,0.0
OSMO-USD,1.25e-05,0.0579939382,0.0013024257,220.64,8820.0,dydx,False,0.0
NEIRO-USD,1.25e-05,0.00112270216,-2.195444e-05,0.0,0.0,dydx,False,0.0
HNT-USD,1.25e-05,1.360532541,-0.010508068,0.0,692.0,dydx,False,0.0
TRY-USD,1.25e-05,0.02308672282,-1.936732e-05,14.006,2200.0,dydx,False,0.0
SUNDOG-USD,1.25e-05,0.0106127779,-0.0001185726,0.0,0.0,dydx,False,0.0
LUCE-USD,1.25e-05,0.0081183763,0.0,0.0,0.0,dydx,False,0.0
TRUMPWIN-USD,1.25e-05,1.0,0.0,0.0,0.0,dydx,False,0.0
CETUS-USD,1.25e-05,0.02739027423,-0.00020144825,0.0,0.0,dydx,False,0.0
ZBCN-USD,1.25e-05,0.0010295940811,0.0,0.0,0.0,dydx,False,0.0
QTUM-USD,1.25e-05,1.455207045,-0.01144419,0.0,0.0,dydx,False,0.0
ONT-USD,1.25e-05,0.0656568686,-0.0010426366,0.0,10.0,dydx,False,0.0
REN-USD,1.25e-05,0.02525494901,0.0,0.0,0.0,dydx,False,0.0
PERP-USD,1.25e-05,0.0730413332,-0.000597925,0.0,0.0,dydx,False,0.0
EUR-USD,1.25e-05,1.1587459,-0.000962522,21.28,3414.0,dydx,False,0.0
ORDER-USD,1.25e-05,0.0912741536,-3.9096e-06,0.0,10.0,dydx,False,0.0
WBTC-USD,1.25e-05,101929.20057,0.0,0.0,0.0,dydx,False,0.0
CLV-USD,1.25e-05,0.0061,0.0,0.0,0.0,dydx,False,0.0
USDE-USD,1.01171875e-06,0.9999000199,0.0,0.0,7530.0,dydx,False,0.0
POL-USD,2.640625e-06,0.1430603275,-0.001932183,9747.829,127130.0,dydx,False,0.0
RAY-USD,1.25e-05,1.11478759,-0.026570002,0.0,99.0,dydx,False,0.0
PNUT-USD,1.25e-05,0.082277308,-0.002234589,0.0,0.0,dydx,False,0.0
MOODENG-USD,1.25e-05,0.0767169849,-0.0004587306,0.0,10.0,dydx,False,0.0
ID-USD,1.25e-05,0.076268654,-0.0025706749,0.0,200.0,dydx,False,0.0
XYO-USD,1.25e-05,0.005780180477,4.3040619e-05,0.0,49000.0,dydx,False,0.0
ZEC-USD,0.0,394.43583524,-12.22373308,108336.526,381.7,dydx,False,0.0
KSM-USD,1.25e-05,7.73203325,0.17902587,0.0,0.0,dydx,False,0.0
GRASS-USD,1.25e-05,0.3150212454,-0.0077833922,0.0,0.0,dydx,False,0.0
"MAD,RAYDIUM,MADHPJRN6BD8T78RSY7NUSUNWWA2HU8BYPOBZPRHBHV-USD",1.25e-05,1.17181959e-05,0.0,0.0,0.0,dydx,False,0.0
SKL-USD,1.25e-05,0.01061196983,7.107801e-05,0.0,0.0,dydx,False,0.0
ATH-USD,-4.921875e-06,0.00995223176,-6.430917e-05,53.298,112700.0,dydx,False,0.0
GHST-USD,1.25e-05,0.7408518296,0.0,0.0,0.0,dydx,False,0.0
AMPL-USD,1.25e-05,1.2639972,0.0,0.0,0.0,dydx,False,0.0
"HAWKTUAH,RAYDIUM,4GFE6MBDORSY5BLBIUMRGETR6PZCJYFXMDM5EHSGPUMP-USD",1.25e-05,0.000182796282,0.0,0.0,0.0,dydx,False,0.0
AERO-USD,1.25e-05,0.546719203,-0.01421479,0.0,107.0,dydx,False,0.0
PIRATE-USD,1.25e-05,0.0057794125,0.0001399804,0.0,0.0,dydx,False,0.0
"POWSCHE,RAYDIUM,8CKISHHJDHJV4LUOIRMLUHQG58CUKBYJRTCP4Z3MCXNF-USD",1.25e-05,0.02033770575,0.0,0.0,0.0,dydx,False,0.0
BCUT-USD,1.25e-05,0.04690073536,0.0,0.0,0.0,dydx,False,0.0
VET-USD,1.25e-05,0.01163325452,-0.00016660605,0.0,12800.0,dydx,False,0.0
YFI-USD,1.25e-05,3632.910126,170.602588,0.0,0.0,dydx,False,0.0
G-USD,1.25e-05,0.00479836646,-2.520153e-05,0.0,2600.0,dydx,False,0.0
MOVE-USD,0.0,0.0372956761,-0.0019909636,0.0,142180.0,dydx,False,0.0
"FARTCOIN,RAYDIUM,9BB6NFECJBCTNNLFKO2FQVQBQ8HHM13KCYYCDQBGPUMP-USD",-4.296875e-08,0.3436182705,-0.0321148223,0.0,23170.0,dydx,False,0.0
QNT-USD,1.25e-05,80.1279811,0.3329718,0.0,6.8,dydx,False,0.0
MOCA-USD,1.25e-05,0.02436512697,0.00157044337,0.0,0.0,dydx,False,0.0
USUAL-USD,0.0,0.029544091,-0.000715618,2399.958,238910.0,dydx,False,0.0
THE-USD,1.25e-05,0.258822353,0.000897066,0.0,0.0,dydx,False,0.0
PEAQ-USD,1.25e-05,0.0333616596,0.0017661383,0.0,20.0,dydx,False,0.0
BABYDOGE-USD,1.25e-05,6.69293777e-10,-1.0489044e-11,0.0,830000000000.0,dydx,False,0.0
GLMR-USD,1.25e-05,0.0262684329,-0.0015332266,0.0,0.0,dydx,False,0.0
SCRT-USD,1.25e-05,0.2287813655,0.0,0.0,0.0,dydx,False,0.0
ZEREBRO-USD,1.25e-05,0.0145656303,-0.0009291003,0.0,0.0,dydx,False,0.0
MORPHO-USD,0.0,1.3157,-0.02589189,41.61,1271.0,dydx,False,0.0
COOKIE-USD,1.25e-05,0.03508947315,-0.00132024921,0.0,0.0,dydx,False,0.0
VIRTUAL-USD,1.25e-05,0.930467385,-0.051833272,0.0,0.0,dydx,False,0.0
"CIG,RAYDIUM,EXRQAUXS967FDKYMNXO4EQZEQIHEUBSTBCXPXXWPUMP-USD",1.25e-05,4.65475918e-05,0.0,0.0,0.0,dydx,False,0.0
AITECH-USD,1.25e-05,0.0108507308,0.00024439078,0.0,0.0,dydx,False,0.0
SAGA-USD,1.25e-05,0.060976706,-0.000894732,0.0,0.0,dydx,False,0.0
TRUMP-USD,0.0,5.27241827,-0.10045913,34083.618,5653.5,dydx,False,0.0
PENGU-USD,0.0,0.011676,-0.00050104549,1946.021,562900.0,dydx,False,0.0
AIXBT-USD,1.25e-05,0.0333033393,-0.0017796441,0.0,75010.0,dydx,False,0.0
AI16Z-USD,1.25e-05,0.055613316,0.0,0.0,0.0,dydx,False,0.0
KOMA-USD,1.25e-05,0.01068998422,-0.000179255,0.0,0.0,dydx,False,0.0
"OCEAN,UNISWAP_V3_BASE,0X1D8148823C46B9C55B678CA84BEB82BC3523ADB1-USD",1.25e-05,1.3849e-06,0.0,0.0,0.0,dydx,False,0.0
ORCA-USD,1.25e-05,1.17186962,0.013542702,0.0,798.0,dydx,False,0.0
NFT-USD,1.25e-05,3.612057494e-07,7.80123e-10,0.0,0.0,dydx,False,0.0
MNRY-USD,1.25e-05,0.00043001399,1.423873e-05,0.0,0.0,dydx,False,0.0
VVV-USD,1.25e-05,2.981177185,-0.013846826,0.0,0.0,dydx,False,0.0
NMR-USD,1.25e-05,10.33993201,-0.02932981,0.0,0.0,dydx,False,0.0
SPX-USD,-1.1578125e-05,0.5508686583,-0.0232836726,7857.051,12510.0,dydx,False,0.0
VINE-USD,1.25e-05,0.02862243,-0.0002377554,0.0,0.0,dydx,False,0.0
BERA-USD,0.0,1.01014695,0.26956169,6680.457,3871.4,dydx,False,0.0
KRL-USD,1.25e-05,0.1897267878,0.0003126245,0.0,0.0,dydx,False,0.0
ME-USD,1.25e-05,0.234679596,0.013954659,0.0,0.0,dydx,False,0.0
LAYER-USD,1.25e-05,0.1598520443,-0.0031153622,0.0,0.0,dydx,False,0.0
B3-USD,1.25e-05,0.000973402919,-1.9995e-06,0.0,0.0,dydx,False,0.0
PAIN-USD,1.25e-05,1.329747e-06,0.0,0.0,0.0,dydx,False,0.0
IP-USD,1.25e-05,2.679300181,-0.053699819,0.0,350.0,dydx,False,0.0
SDM-USD,1.25e-05,0.00051389217,-1.195007e-05,0.0,0.0,dydx,False,0.0
KAITO-USD,-0.00059833984375,0.5216269566,-0.0183523445,32959.738,15060.0,dydx,False,0.0
PI-USD,1.25e-05,0.20360171,-0.0018066674,0.0,28010.0,dydx,False,0.0
KDA-USD,1.25e-05,0.0373887833,0.0,0.0,10000.0,dydx,False,0.0
SSV-USD,1.25e-05,4.09997501,-0.12075876,0.0,0.0,dydx,False,0.0
HYPE-USD,1.62734375e-05,25.50539892,0.66435124,100135.025,3764.8,dydx,False,0.0
S-USD,0.0,0.0798800301,-0.0020693792,0.0,14710.0,dydx,False,0.0
REZ-USD,1.25e-05,0.00518920271,-0.00011820506,0.0,43200.0,dydx,False,0.0
BTRUMP-USD,1.25e-05,1.09441211e-06,0.0,0.0,0.0,dydx,False,0.0
BANANA-USD,1.25e-05,7.26559688,0.02132094,0.0,302.2,dydx,False,0.0
ELX-USD,1.25e-05,0.0032877298,0.0,0.0,0.0,dydx,False,0.0
GNO-USD,1.25e-05,146.6306738,1.0196941,0.0,12.02,dydx,False,0.0
MAJOR-USD,1.25e-05,0.1225921383,-0.0031694646,0.0,0.0,dydx,False,0.0
API3-USD,1.25e-05,0.4355148655,-0.0073908533,0.0,1000.0,dydx,False,0.0
ZETA-USD,1.25e-05,0.0817508799,0.0007674959,0.0,3000.0,dydx,False,0.0
NIL-USD,1.25e-05,0.0751741712,0.0008914276,0.0,3560.0,dydx,False,0.0
MELANIA-USD,1.25e-05,0.166879936,-0.0023892832,158.688,480.0,dydx,False,0.0
NC-USD,1.25e-05,0.0018394221,-6.02426e-06,0.0,0.0,dydx,False,0.0
BADGER-USD,1.25e-05,0.58,0.0,0.0,0.0,dydx,False,0.0
GAS-USD,1.25e-05,2.089452829,-0.023478369,0.0,0.0,dydx,False,0.0
FORTH-USD,1.25e-05,1.838124232,0.044117918,0.0,0.0,dydx,False,0.0
TROY-USD,1.25e-05,7.08601638e-05,4.74241e-07,0.0,0.0,dydx,False,0.0
STEEM-USD,1.25e-05,0.0702824295,-0.0012030563,0.0,0.0,dydx,False,0.0
BABY-USD,1.25e-05,0.01868532871,0.00013646193,0.0,0.0,dydx,False,0.0
WCT-USD,1.25e-05,0.0806473772,0.0019595853,0.0,0.0,dydx,False,0.0
AERGO-USD,1.25e-05,0.0623606368,-0.00019997001,0.0,100.0,dydx,False,0.0
VOXEL-USD,1.25e-05,0.0121,0.0002,0.0,0.0,dydx,False,0.0
MAGIC-USD,1.25e-05,0.1030430741,0.0017671273,0.0,0.0,dydx,False,0.0
ALPACA-USD,1.25e-05,0.00488361841,-2.719008e-05,0.0,0.0,dydx,False,0.0
SKITTEN-USD,1.25e-05,0.018995336972,0.0,0.0,0.0,dydx,False,0.0
SIGN-USD,1.25e-05,0.03874298672,-0.0012492487,0.0,0.0,dydx,False,0.0
IOTX-USD,1.25e-05,0.00842247325,0.00022987495,0.0,0.0,dydx,False,0.0
DINNER-USD,1.25e-05,0.00339191642976,0.0,0.0,0.0,dydx,False,0.0
KERNEL-USD,1.25e-05,0.0747681669,-0.0001587486,0.0,0.0,dydx,False,0.0
SOPH-USD,1.25e-05,0.01336165961,-0.00028363175,0.0,0.0,dydx,False,0.0
WSTETH-USD,1.25e-05,4053.012678,30.505109,0.0,0.076,dydx,False,0.0
LPT-USD,1.25e-05,3.2560752,0.01931835,0.0,81.0,dydx,False,0.0
TIBBIR-USD,1.25e-05,1.4820371e-06,0.0,0.0,0.0,dydx,False,0.0
LA-USD,1.25e-05,0.3094992807,-0.0043955434,0.0,0.0,dydx,False,0.0
MASK-USD,1.25e-05,0.67559732,0.00269919,0.0,8.0,dydx,False,0.0
DAKU-USD,1.25e-05,1.5179178e-06,0.0,0.0,0.0,dydx,False,0.0
SYRUP-USD,-1.96875e-06,0.3585010525,-0.0012392745,1139.199,2890.0,dydx,False,0.0
FLR-USD,1.25e-05,0.01089762363,-9.708658e-05,0.0,208500.0,dydx,False,0.0
NEWT-USD,1.25e-05,0.1045686294,0.0015595322,0.0,0.0,dydx,False,0.0
PUMP-USD,9.84375e-07,0.002799712898,-0.000154092598,129464.397,40755000.0,dydx,False,0.0
ES-USD,1.25e-05,0.1482485604,0.0066760322,0.0,0.0,dydx,False,0.0
ACX-USD,1.25e-05,0.0535025435,-0.0007516056,0.0,0.0,dydx,False,0.0
ERA-USD,1.25e-05,0.227169336,0.006972677,388.565,1415.0,dydx,False,0.0
ZORA-USD,-7.8109375e-05,0.03564,-0.00092,3926.503,105600.0,dydx,False,0.0
CRO-USD,0.00014230859375,0.10127083445,3.620484e-05,3847.076,637900.0,dydx,False,0.0
HUMA-USD,1.25e-05,0.02673781154,-0.0009927581,0.0,0.0,dydx,False,0.0
OMNI-USD,1.25e-05,3.699981184,0.0,0.0,0.0,dydx,False,0.0
PROVE-USD,1.25e-05,0.4063834787,-0.0024102434,0.0,0.0,dydx,False,0.0
USELESS-USD,1.25e-05,0.0889,-0.0129,13.806,4350.0,dydx,False,0.0
WLFI-USD,-1.984375e-06,0.1670641179,-0.0018903401,9998.228,89960.0,dydx,False,0.0
SKY-USD,1.25e-05,0.06367073789,-0.00098310626,204.192,104500.0,dydx,False,0.0
TSLAX-USD,1.25e-05,435.6869203,-1.561905,0.0,0.98,dydx,False,0.0
LINEA-USD,1.25e-05,0.00633673265,-0.00011967577,243.004,258300.0,dydx,False,0.0
PROMPT-USD,1.25e-05,0.06447694084,-0.00253619179,0.0,0.0,dydx,False,0.0
HOLO-USD,1.25e-05,0.0762609349,0.0023494368,0.0,0.0,dydx,False,0.0
IOTA-USD,1.25e-05,0.0939765061,-0.0001232825,0.0,20.0,dydx,False,0.0
ASTER-USD,0.0,0.715421146,-0.003789891,12806.118,45969.0,dydx,False,0.0
XPL-USD,0.0,0.1383654089,-0.0038758595,8363.101,104790.0,dydx,False,0.0
AVNT-USD,-4.63359375e-05,0.29073278016,-0.00921930459,1730.099,38000.0,dydx,False,0.0
GOONER-USD,1.25e-05,1.65574e-06,0.0,0.0,0.0,dydx,False,0.0
2Z-USD,0.0,0.1272606707,-0.0094928234,153.688,7940.0,dydx,False,0.0
DODGERSWIN-USD,1.25e-05,0.9995,0.0,0.0,0.0,dydx,False,0.0
MET-USD,-6.1875e-06,0.3320501849,0.0261105159,141522.351,55990.0,dydx,False,0.0
TREE-USD,1.25e-05,0.1076676996,0.0008596111,16.971,30.0,dydx,False,0.0
MON-USD,2.7e-05,0.02201,-0.0004,4901.541,101100.0,dydx,False,0.0
PIPPIN-USD,1.25e-05,0.3184364631,0.003183798,0.0,0.0,dydx,False,0.0
ANIME-USD,1.25e-05,0.007578105492,5.3341618e-05,0.0,0.0,dydx,False,0.0
DASH-USD,1.25e-05,72.37,-9.71208629,0.0,0.0,dydx,False,0.0
