symbol,fundingRate,openInterest,markPrice,oraclePrice,source,has_interest_component,interest_rate_per_interval
BTC,1.25e-05,31194.20986,95075.0,95091.0,hyperliquid,False,0.0
ETH,1.25e-05,1017226.9396,3308.8,3310.0,hyperliquid,False,0.0
ATOM,-4.62533e-05,1996106.68,2.5279,2.532,hyperliquid,False,0.0
MATIC,0.0,0.0,0.37621,0.3754,hyperliquid,False,0.0
DYDX,1.25e-05,15344154.4,0.19363,0.19365,hyperliquid,False,0.0
SOL,1.25e-05,5387984.04,142.66,142.72,hyperliquid,False,0.0
AVAX,-4.17464e-05,1189057.42,13.632,13.645,hyperliquid,False,0.0
BNB,1.25e-05,49805.926,947.86,948.25,hyperliquid,False,0.0
APE,1.25e-05,4843836.8,0.22265,0.22295,hyperliquid,False,0.0
OP,1.25e-05,15077655.6,0.3402,0.34025,hyperliquid,False,0.0
LTC,1.25e-05,546053.52,74.365,74.415,hyperliquid,False,0.0
ARB,1.25e-05,27292604.999999996,0.21352,0.21365,hyperliquid,False,0.0
DOGE,1.25e-05,644686072.0,0.13722,0.13719,hyperliquid,False,0.0
INJ,1.25e-05,367050.4,5.2209,5.226,hyperliquid,False,0.0
SUI,-3.5574e-06,16884932.000000004,1.776,1.7769,hyperliquid,False,0.0
kPEPE,7.0116e-06,4432286708.0,0.005783,0.005787,hyperliquid,False,0.0
CRV,6.5211e-06,23781860.000000007,0.41321,0.41355,hyperliquid,False,0.0
LDO,1.25e-05,9711089.199999997,0.60243,0.60275,hyperliquid,False,0.0
LINK,1.25e-05,2003940.8,13.671,13.68,hyperliquid,False,0.0
STX,2.6086e-06,3598533.8000000003,0.35717,0.35755,hyperliquid,False,0.0
RNDR,0.0,0.0,6.8952,7.03,hyperliquid,False,0.0
CFX,1.25e-05,10137358.0,0.07865,0.078703,hyperliquid,False,0.0
FTM,0.0,0.0,0.71688,0.712,hyperliquid,False,0.0
GMX,-1.23949e-05,49155.04,7.9518,7.963,hyperliquid,False,0.0
SNX,1.25e-05,1459962.2,0.47855,0.479,hyperliquid,False,0.0
XRP,1.25e-05,114323958.0,2.0521,2.053,hyperliquid,False,0.0
BCH,-4.497e-07,20461.026,593.73,594.05,hyperliquid,False,0.0
APT,-3.7225e-06,3970558.9,1.8177,1.8195,hyperliquid,False,0.0
AAVE,1.25e-05,160419.86,173.43,173.52,hyperliquid,False,0.0
COMP,1.25e-05,33235.66,26.631,26.665,hyperliquid,False,0.0
MKR,0.0,0.0,1831.5,1828.8,hyperliquid,False,0.0
WLD,1.25e-05,12673475.4,0.54406,0.5443,hyperliquid,False,0.0
FXS,0.0,0.0,0.65538,0.649,hyperliquid,False,0.0
HPOS,0.0,0.0,0.041873,0.042203,hyperliquid,False,0.0
RLB,0.0,0.0,0.071,0.071068,hyperliquid,False,0.0
UNIBOT,0.0,0.0,7.636,6.053,hyperliquid,False,0.0
YGG,1.25e-05,2495844.0,0.073012,0.07309,hyperliquid,False,0.0
TRX,1.25e-05,40093214.0,0.319,0.31917,hyperliquid,False,0.0
kSHIB,1.25e-05,409695104.0,0.008387,0.008391,hyperliquid,False,0.0
UNI,1.25e-05,4862067.8,5.3166,5.32,hyperliquid,False,0.0
SEI,1.25e-05,35947708.0,0.1198,0.11985,hyperliquid,False,0.0
RUNE,1.25e-05,3213189.1999999997,0.66137,0.6618,hyperliquid,False,0.0
OX,0.0,0.0,0.007459,0.004982,hyperliquid,False,0.0
FRIEND,0.0,0.0,4.72,0.47734,hyperliquid,False,0.0
SHIA,0.0,0.0,0.000621,0.000209,hyperliquid,False,0.0
CYBER,0.0,0.0,1.0415,1.043,hyperliquid,False,0.0
ZRO,-2.16627e-05,4319361.2,1.721,1.7225,hyperliquid,False,0.0
BLZ,0.0,0.0,0.070043,0.070028,hyperliquid,False,0.0
DOT,-1.34354e-05,3433508.0,2.1523,2.1545,hyperliquid,False,0.0
BANANA,1.25e-05,53472.6,7.258,7.267,hyperliquid,False,0.0
TRB,1.25e-05,20252.48,22.452,22.46,hyperliquid,False,0.0
FTT,1.25e-05,136800.8,0.51883,0.5185,hyperliquid,False,0.0
LOOM,0.0,0.0,0.071161,0.071385,hyperliquid,False,0.0
OGN,0.0,0.0,0.055683,0.0558,hyperliquid,False,0.0
RDNT,0.0,0.0,0.018328,0.018338,hyperliquid,False,0.0
ARK,1.25e-05,1705562.0,0.2852,0.2854,hyperliquid,False,0.0
BNT,0.0,0.0,0.38287,0.38349,hyperliquid,False,0.0
CANTO,0.0,0.0,0.066,0.06598,hyperliquid,False,0.0
REQ,0.0,0.0,0.15473,0.15423,hyperliquid,False,0.0
BIGTIME,1.25e-05,15063312.0,0.024974,0.025,hyperliquid,False,0.0
KAS,1.25e-05,27749184.0,0.043737,0.043757,hyperliquid,False,0.0
ORBS,0.0,0.0,0.01939,0.019393,hyperliquid,False,0.0
BLUR,-0.0002460387,38194388.0,0.038938,0.039035,hyperliquid,False,0.0
TIA,1.25e-05,6438374.8,0.56545,0.56575,hyperliquid,False,0.0
BSV,-6.58158e-05,38634.6,19.331,19.38,hyperliquid,False,0.0
ADA,-1.89423e-05,50823224.0,0.39394,0.39425,hyperliquid,False,0.0
TON,-4.38496e-05,7050744.200000001,1.7119,1.7135,hyperliquid,False,0.0
MINA,3.8278e-06,3590628.0,0.08675,0.08685,hyperliquid,False,0.0
POLYX,-4.2821e-05,5761234.0,0.065379,0.065535,hyperliquid,False,0.0
GAS,1.25e-05,264633.8,2.088,2.09,hyperliquid,False,0.0
PENDLE,1.25e-05,2884852.0,2.0856,2.0865,hyperliquid,False,0.0
STG,0.0,0.0,0.15387,0.15385,hyperliquid,False,0.0
FET,1.25e-05,28947486.0,0.2747,0.2748,hyperliquid,False,0.0
STRAX,0.0,0.0,1.5829,0.0416,hyperliquid,False,0.0
NEAR,1.25e-05,6655933.2,1.7146,1.7155,hyperliquid,False,0.0
MEME,7.553e-07,692723296.0,0.001119,0.001121,hyperliquid,False,0.0
ORDI,1.25e-05,87046.88,5.0477,5.0512,hyperliquid,False,0.0
BADGER,0.0,0.0,0.88823,0.88959,hyperliquid,False,0.0
NEO,1.25e-05,156161.38,4.0152,4.0188,hyperliquid,False,0.0
ZEN,1.25e-05,107865.68,11.295,11.306,hyperliquid,False,0.0
FIL,-1.44673e-05,2253742.3999999994,1.5256,1.5275,hyperliquid,False,0.0
PYTH,8.2697e-06,15698754.0,0.06531,0.06538,hyperliquid,False,0.0
SUSHI,-3.1985e-06,907921.0,0.34574,0.34615,hyperliquid,False,0.0
ILV,0.0,0.0,12.118,12.14,hyperliquid,False,0.0
IMX,1.25e-05,6113395.399999999,0.28756,0.28775,hyperliquid,False,0.0
kBONK,-3.63504e-05,428658912.0,0.010328,0.010338,hyperliquid,False,0.0
GMT,-0.0001145594,27968734.0,0.01869,0.018725,hyperliquid,False,0.0
SUPER,1.25e-05,2678282.0,0.22274,0.22295,hyperliquid,False,0.0
USTC,1.25e-05,29994012.0,0.007216,0.007221,hyperliquid,False,0.0
NFTI,0.0,0.0,6.5609,2518.4,hyperliquid,False,0.0
JUP,1.25e-05,29540114.0,0.22172,0.22185,hyperliquid,False,0.0
kLUNC,-4.04521e-05,25208226.0,0.041743,0.0418,hyperliquid,False,0.0
RSR,1.25e-05,85065280.0,0.002685,0.002689,hyperliquid,False,0.0
GALA,1.25e-05,106560740.0,0.007665,0.007675,hyperliquid,False,0.0
JTO,-6.08866e-05,2375564.0,0.3952,0.3957,hyperliquid,False,0.0
NTRN,0.0,0.0,0.1238,0.12385,hyperliquid,False,0.0
ACE,1.25e-05,1503623.5199999998,0.2874,0.2878,hyperliquid,False,0.0
MAV,1.25e-05,8239068.0,0.026773,0.026793,hyperliquid,False,0.0
WIF,1.25e-05,18525550.0,0.37411,0.37415,hyperliquid,False,0.0
CAKE,1.25e-05,640660.4,2.1034,2.105,hyperliquid,False,0.0
PEOPLE,1.25e-05,15789730.0,0.010615,0.01062,hyperliquid,False,0.0
ENS,-1.45906e-05,32650.92,10.239,10.251,hyperliquid,False,0.0
ETC,-5.1808e-06,120236.94,12.737,12.75,hyperliquid,False,0.0
XAI,-9.75293e-05,63558451.199999996,0.0183,0.01833,hyperliquid,False,0.0
MANTA,1.25e-05,2420458.4000000004,0.08228,0.08233,hyperliquid,False,0.0
UMA,1.25e-05,678515.0,0.77744,0.778,hyperliquid,False,0.0
ONDO,1.25e-05,12470096.0,0.3839,0.3841,hyperliquid,False,0.0
ALT,1.25e-05,50497514.0,0.01269,0.012701,hyperliquid,False,0.0
ZETA,5.518e-06,11461507.2,0.08168,0.08176,hyperliquid,False,0.0
DYM,1.25e-05,6837439.399999999,0.06912,0.0692,hyperliquid,False,0.0
MAVIA,1.25e-05,28407767.200000003,0.06055,0.0605,hyperliquid,False,0.0
W,1.25e-05,38661067.0,0.03607,0.0361,hyperliquid,False,0.0
PANDORA,0.0,0.0,3026.3,1706.6,hyperliquid,False,0.0
STRK,-2.85831e-05,61451990.2,0.08337,0.08345,hyperliquid,False,0.0
PIXEL,0.0,0.0,0.024027,0.024025,hyperliquid,False,0.0
AI,0.0,0.0,0.12555,0.1257,hyperliquid,False,0.0
TAO,1.25e-05,61829.522,271.95,272.08,hyperliquid,False,0.0
AR,1.25e-05,225632.64,4.0312,4.033,hyperliquid,False,0.0
MYRO,0.0,0.0,0.015813,0.015815,hyperliquid,False,0.0
kFLOKI,-1.30605e-05,14148840.0,0.04892,0.048975,hyperliquid,False,0.0
BOME,1.19117e-05,276049022.0,0.000654,0.000655,hyperliquid,False,0.0
ETHFI,1.25e-05,6885949.799999999,0.73107,0.73135,hyperliquid,False,0.0
ENA,1.25e-05,136426152.0,0.21743,0.2175,hyperliquid,False,0.0
MNT,1.25e-05,3874247.2,0.95114,0.95171,hyperliquid,False,0.0
TNSR,-2.58816e-05,3579218.4,0.07192,0.07198,hyperliquid,False,0.0
SAGA,7.9751e-06,12858087.0,0.06086,0.0609,hyperliquid,False,0.0
MERL,1.25e-05,4114212.0,0.20364,0.20384,hyperliquid,False,0.0
HBAR,1.25e-05,24858866.0,0.11712,0.11717,hyperliquid,False,0.0
POPCAT,-6.17048e-05,14269412.0,0.090025,0.090165,hyperliquid,False,0.0
OMNI,0.0,0.0,4.1915,4.1948,hyperliquid,False,0.0
EIGEN,-2.96504e-05,7765490.68,0.3957,0.396,hyperliquid,False,0.0
REZ,1.25e-05,104249130.0,0.00519,0.005198,hyperliquid,False,0.0
NOT,1.25e-05,273306798.0,0.000609,0.00061,hyperliquid,False,0.0
TURBO,-4.2444e-05,284577482.0,0.001757,0.001758,hyperliquid,False,0.0
BRETT,1.25e-05,59595292.0,0.016238,0.016245,hyperliquid,False,0.0
IO,-7.27757e-05,2119289.5999999996,0.17032,0.17065,hyperliquid,False,0.0
ZK,1.25e-05,29367322.0,0.033903,0.033925,hyperliquid,False,0.0
BLAST,-5.86997e-05,1324108090.0,0.000871,0.000874,hyperliquid,False,0.0
LISTA,0.0,0.0,0.12466,0.1247,hyperliquid,False,0.0
MEW,1.25e-05,234302620.0,0.001103,0.001103,hyperliquid,False,0.0
RENDER,-1.75121e-05,768984.6,2.1765,2.179,hyperliquid,False,0.0
kDOGS,0.0,0.0,0.13659,0.13675,hyperliquid,False,0.0
POL,1.25e-05,25485868.0,0.14295,0.14305,hyperliquid,False,0.0
CATI,0.0,0.0,0.082821,0.08275,hyperliquid,False,0.0
CELO,1.25e-05,5933368.0,0.14056,0.14065,hyperliquid,False,0.0
HMSTR,1.25e-05,8449207300.0,0.000252,0.000251,hyperliquid,False,0.0
SCR,1.25e-05,2511307.6,0.08328,0.0833,hyperliquid,False,0.0
NEIROETH,0.0,0.0,0.01808,0.017705,hyperliquid,False,0.0
kNEIRO,-2.68021e-05,3730907.5999999996,0.12739,0.12752,hyperliquid,False,0.0
GOAT,1.25e-05,31386218.0,0.037011,0.036996,hyperliquid,False,0.0
MOODENG,1.25e-05,21228750.0,0.076604,0.076675,hyperliquid,False,0.0
GRASS,1.25e-05,2639096.6,0.31502,0.3149,hyperliquid,False,0.0
PURR,1.25e-05,47718412.0,0.059327,0.059679,hyperliquid,False,0.0
PNUT,-1.42193e-05,7995173.2,0.08217,0.08224,hyperliquid,False,0.0
XLM,-8.7229e-06,15207792.0,0.22821,0.22843,hyperliquid,False,0.0
CHILLGUY,1.25e-05,58402600.0,0.02135,0.021345,hyperliquid,False,0.0
SAND,-0.0001366401,8068252.0,0.15393,0.1543,hyperliquid,False,0.0
IOTA,1.25e-05,3497298.0,0.09393,0.09397,hyperliquid,False,0.0
ALGO,1.25e-05,8607742.0,0.12823,0.1284,hyperliquid,False,0.0
HYPE,1.25e-05,28082556.900000002,25.501,25.495,hyperliquid,False,0.0
ME,1.25e-05,1741965.6,0.23441,0.23451,hyperliquid,False,0.0
MOVE,1.25e-05,60891554.0,0.037304,0.037315,hyperliquid,False,0.0
VIRTUAL,1.25e-05,12164856.4,0.93044,0.9309,hyperliquid,False,0.0
PENGU,1.25e-05,609145250.0,0.01167,0.011676,hyperliquid,False,0.0
USUAL,1.25e-05,19316990.2,0.02955,0.02955,hyperliquid,False,0.0
FARTCOIN,1.25e-05,228909499.39999995,0.34345,0.34365,hyperliquid,False,0.0
AI16Z,0.0,0.0,0.06157,0.06153,hyperliquid,False,0.0
AIXBT,1.25e-05,20122440.0,0.033286,0.03332,hyperliquid,False,0.0
ZEREBRO,1.25e-05,103284546.0,0.014553,0.014545,hyperliquid,False,0.0
BIO,1.25e-05,8464266.0,0.044331,0.04435,hyperliquid,False,0.0
GRIFFAIN,1.25e-05,111328022.0,0.018531,0.018527,hyperliquid,False,0.0
SPX,1.25e-05,10064544.4,0.54953,0.55,hyperliquid,False,0.0
S,1.25e-05,21414076.0,0.079814,0.07985,hyperliquid,False,0.0
MORPHO,1.25e-05,2452599.4000000004,1.3129,1.3131,hyperliquid,False,0.0
TRUMP,-4.52564e-05,2122289.4,5.267,5.272,hyperliquid,False,0.0
MELANIA,-0.000127122,13261718.0,0.16639,0.16664,hyperliquid,False,0.0
ANIME,-7.901e-07,95726182.0,0.007565,0.007571,hyperliquid,False,0.0
VINE,1.25e-05,27851900.0,0.028645,0.028615,hyperliquid,False,0.0
VVV,-2.00902e-05,1330297.8399999999,2.9787,2.9825,hyperliquid,False,0.0
JELLY,0.0,0.0,0.037555,0.03719,hyperliquid,False,0.0
BERA,-0.0018803115,8419149.6,0.99395,1.0107,hyperliquid,False,0.0
TST,1.25e-05,20974540.0,0.016307,0.01632,hyperliquid,False,0.0
LAYER,-2.07208e-05,3688370.0,0.15973,0.16005,hyperliquid,False,0.0
IP,-0.0007623667,2013839.4,2.6607,2.6775,hyperliquid,False,0.0
OM,1.25e-05,32074619.6,0.07528,0.07528,hyperliquid,False,0.0
KAITO,-0.0002302716,9829202.0,0.52026,0.5218,hyperliquid,False,0.0
NIL,1.25e-05,11319414.0,0.075179,0.0751,hyperliquid,False,0.0
PAXG,1.25e-05,18182.048,4616.5,4617.6,hyperliquid,False,0.0
PROMPT,1.33135e-05,46662362.0,0.064522,0.064458,hyperliquid,False,0.0
BABY,-4.2766e-06,18298264.0,0.018674,0.018695,hyperliquid,False,0.0
WCT,1.25e-05,6352250.0,0.08048,0.08057,hyperliquid,False,0.0
HYPER,-3.1519e-06,3084642.0,0.13354,0.1337,hyperliquid,False,0.0
ZORA,9.1445e-06,49280282.0,0.035575,0.035607,hyperliquid,False,0.0
INIT,1.25e-05,16339452.0,0.092964,0.092992,hyperliquid,False,0.0
DOOD,1.25e-05,78758890.0,0.005295,0.005301,hyperliquid,False,0.0
LAUNCHCOIN,0.0,0.0,0.060367,0.06012,hyperliquid,False,0.0
NXPC,1.25e-05,1071976.0,0.38607,0.38635,hyperliquid,False,0.0
SOPH,1.25e-05,28983520.0,0.013365,0.01337,hyperliquid,False,0.0
RESOLV,1.25e-05,64113396.0,0.077117,0.077168,hyperliquid,False,0.0
SYRUP,-6.13223e-05,5963520.0,0.35804,0.3585,hyperliquid,False,0.0
PUMP,1.25e-05,24272218500.0,0.002796,0.002798,hyperliquid,False,0.0
PROVE,1.25e-05,1858318.0,0.40588,0.4063,hyperliquid,False,0.0
YZY,1.25e-05,1609144.0,0.3413,0.3419,hyperliquid,False,0.0
XPL,1.25e-05,307046028.0,0.13834,0.13835,hyperliquid,False,0.0
WLFI,-6.0719e-06,134394260.0,0.16701,0.16715,hyperliquid,False,0.0
LINEA,9.6861e-06,228045174.0,0.00633,0.006337,hyperliquid,False,0.0
SKY,-5.38715e-05,19500148.0,0.063535,0.06363,hyperliquid,False,0.0
ASTER,1.25e-05,65423304.0,0.71478,0.71505,hyperliquid,False,0.0
AVNT,-0.0002455365,13989240.0,0.28965,0.29055,hyperliquid,False,0.0
STBL,1.25e-05,84100060.0,0.053622,0.053601,hyperliquid,False,0.0
0G,1.25e-05,1042642.0,0.87272,0.8735,hyperliquid,False,0.0
HEMI,0.0001950558,111383360.0,0.016548,0.0165,hyperliquid,False,0.0
APEX,1.25e-05,2749198.0,0.39706,0.3973,hyperliquid,False,0.0
2Z,2.6391e-06,13114322.0,0.12711,0.12725,hyperliquid,False,0.0
ZEC,-6.09814e-05,377061.8200000001,394.15,394.55,hyperliquid,False,0.0
MON,1.25e-05,1720210188.0,0.022023,0.022015,hyperliquid,False,0.0
MET,1.25e-05,21469254.0,0.33261,0.3328,hyperliquid,False,0.0
MEGA,1.25e-05,18408540.0,0.22674,0.22257,hyperliquid,False,0.0
CC,3.42185e-05,33547252.0,0.11789,0.11768,hyperliquid,False,0.0
ICP,1.25e-05,694899.0,3.982,3.9835,hyperliquid,False,0.0
AERO,-4.74653e-05,5805936.0,0.546,0.5468,hyperliquid,False,0.0
STABLE,-3.67114e-05,104956370.0,0.016015,0.016039,hyperliquid,False,0.0
FOGO,1.25e-05,59792662.0,0.034598,0.0346,hyperliquid,False,0.0
LIT,1.25e-05,30565046.0,1.919,1.9175,hyperliquid,False,0.0
XMR,0.0001898398,55667.678,564.18,563.14,hyperliquid,False,0.0
AXS,-0.0017652566,172358.0,2.0794,2.112,hyperliquid,False,0.0
DASH,1.25e-05,2664.72,72.31,72.37,hyperliquid,False,0.0
