symbol,markPrice,indexPrice,estimatedSettlePrice,lastFundingRate,interestRate,nextFundingTime,time,source,has_interest_component
METUSDT,0.33218621,0.33218404,0.33346376,-7.446e-05,0.0001,1768723200000,1768710732001,binance,True
JASMYUSDT,0.00804303,0.00805806,0.00806779,-0.00039303,0.0001,1768723200000,1768710732001,binance,True
RLCUSDT,0.6808,0.6812016,0.68158785,0.0001,0.0001,1768723200000,1768710732001,binance,True
SQDUSDT,0.07442706,0.07451188,0.07486145,5e-05,0.0001,1768723200000,1768710732001,binance,True
KGENUSDT,0.29185,0.29110855,0.29171140,7.479e-05,0.0001,1768723200000,1768710732001,binance,True
RADUSDT,0.31133368,0.3110806,0.00000000,0.0,0.0001,1768723200000,1768710732001,binance,True
VIRTUALUSDT,0.93,0.93087297,0.93317454,-9.718e-05,0.0001,1768723200000,1768710732001,binance,True
PUNDIXUSDT,0.24005447,0.240692,0.24085916,5e-05,0.0001,1768723200000,1768710732001,binance,True
SWELLUSDT,0.00179271,0.00179275,0.00000000,0.0,0.0001,1768723200000,1768710732001,binance,True
TREEUSDT,0.1076,0.10766933,0.10760904,5e-05,0.0001,1768723200000,1768710732001,binance,True
AIOUSDT,0.16925,0.168448,0.16798247,0.00037391,0.0001,1768723200000,1768710732001,binance,True
BANANAS31USDT,0.00377939,0.00378166,0.00378490,5e-05,0.0001,1768723200000,1768710732001,binance,True
BASUSDT,0.00527164,0.00525453,0.00526523,5.995e-05,0.0001,1768723200000,1768710732001,binance,True
ARCUSDT,0.05081,0.05082,0.05015540,0.00025645,0.0001,1768723200000,1768710732001,binance,True
AKTUSDT,0.46248329,0.46194428,0.46393104,5e-05,0.0001,1768723200000,1768710732001,binance,True
DOLOUSDT,0.06113963,0.06117419,0.06104906,-3.142e-05,0.0001,1768723200000,1768710732001,binance,True
ORDIUSDC,5.04593078,5.05128008,5.04606899,5e-05,0.0001,1768723200000,1768710732001,binance,True
DOTUSDT,2.15217171,2.15422727,2.15643474,6.1e-07,0.0001,1768723200000,1768710732001,binance,True
EOSUSDT,0.78021689,0.7802,0.78020000,0.0001,0.0001,1768723200000,1768710732001,binance,True
MTLUSDT,0.4083,0.40842581,0.40870664,0.0001,0.0001,1768723200000,1768710732001,binance,True
TAOUSDT,271.84686872,272.07822303,272.13653796,3.38e-05,0.0001,1768723200000,1768710732001,binance,True
DUSKUSDT,0.12213119,0.12453717,0.11849810,-0.00695728,0.0001,1768723200000,1768710732001,binance,True
FRAXUSDT,0.88189803,0.88592273,0.90564431,-0.00079103,0.0001,1768723200000,1768710732001,binance,True
LINEAUSDT,0.00633,0.00633916,0.00633552,1.154e-05,0.0001,1768723200000,1768710732001,binance,True
1000CATUSDT,0.00306243,0.00306148,0.00306618,5e-05,0.0001,1768723200000,1768710732001,binance,True
SAFEUSDT,0.2123,0.21304544,0.21225140,-0.00310321,0.0001,1768723200000,1768710732001,binance,True
TUSDT,0.01001,0.01002987,0.01004555,5e-05,0.0001,1768723200000,1768710732001,binance,True
VELODROMEUSDT,0.02384,0.02384355,0.02389387,5e-05,0.0001,1768723200000,1768710732001,binance,True
CRVUSDT,0.41314582,0.41349685,0.41554247,0.0001,0.0001,1768723200000,1768710732001,binance,True
HOTUSDT,0.0005253,0.00052587,0.00052628,0.0001,0.0001,1768723200000,1768710732001,binance,True
LTCUSDC,74.37034018,74.42629539,74.69291723,3.953e-05,0.0001,1768723200000,1768710732001,binance,True
HBARUSDT,0.11708,0.11719059,0.11736667,-6.031e-05,0.0001,1768723200000,1768710732001,binance,True
AXLUSDT,0.07749178,0.07748843,0.07714045,5e-05,0.0001,1768723200000,1768710732001,binance,True
FORTHUSDT,1.836,1.83910562,1.83938971,5e-05,0.0001,1768723200000,1768710732001,binance,True
MAVUSDT,0.02676,0.02679868,0.02681254,0.0001,0.0001,1768723200000,1768710732001,binance,True
VICUSDT,0.0975,0.09758769,0.09776066,5e-05,0.0001,1768723200000,1768710732001,binance,True
WOOUSDT,0.0303,0.03036812,0.03037191,-1.276e-05,0.0001,1768723200000,1768710732001,binance,True
BATUSDT,0.2052,0.20545789,0.20655513,0.0001,0.0001,1768723200000,1768710732001,binance,True
GUAUSDT,0.13605,0.13566894,0.13664376,5e-05,0.0001,1768723200000,1768710732001,binance,True
ARUSDT,4.031,4.03402274,4.04367262,-1.666e-05,0.0001,1768723200000,1768710732001,binance,True
AIAUSDT,0.14266921,0.14088932,0.00000000,0.0,0.0001,1768712400000,1768710732001,binance,True
CAKEUSDT,2.10353034,2.10508157,2.10730239,5e-05,0.0001,1768723200000,1768710732001,binance,True
UNIUSDT,5.316,5.32036597,5.32455286,-1.379e-05,0.0001,1768723200000,1768710732001,binance,True
BEAMXUSDT,0.00320225,0.00320211,0.00321095,5e-05,0.0001,1768723200000,1768710732001,binance,True
OGUSDT,4.09583333,4.09559259,4.09561407,5e-05,0.0001,1768723200000,1768710732001,binance,True
ICPUSDT,3.982,3.98469446,4.00506018,3.878e-05,0.0001,1768723200000,1768710732001,binance,True
ALPINEUSDT,0.59788369,0.59778416,0.59866189,5e-05,0.0001,1768723200000,1768710732001,binance,True
ESPORTSUSDT,0.45527,0.45478841,0.45564679,5e-05,0.0001,1768723200000,1768710732001,binance,True
BBUSDT,0.0637337,0.06377797,0.06384752,5e-05,0.0001,1768723200000,1768710732001,binance,True
BLUAIUSDT,0.00614272,0.00611756,0.00609522,5e-05,0.0001,1768723200000,1768710732001,binance,True
TUTUSDT,0.0164,0.01642106,0.01642318,5e-05,0.0001,1768723200000,1768710732001,binance,True
ETHUSDT_260327,3331.31137597,3310.31162791,3314.72181925,0.0,0.0,0,1768710732001,binance,True
TNSRUSDT,0.07194189,0.07193878,0.07196552,5e-05,0.0001,1768723200000,1768710732001,binance,True
PYTHUSDT,0.06532,0.06538654,0.06548447,-1.389e-05,0.0001,1768723200000,1768710732001,binance,True
AAVEUSDT,173.44,173.51724462,173.68170314,-2.769e-05,0.0001,1768723200000,1768710732001,binance,True
HIPPOUSDT,0.00109524,0.00109605,0.00109494,7.633e-05,0.0001,1768723200000,1768710732001,binance,True
1INCHUSDT,0.15716739,0.15745108,0.15764283,0.0001,0.0001,1768723200000,1768710732001,binance,True
RONINUSDT,0.1714,0.17324118,0.17462798,-0.00607956,0.0001,1768723200000,1768710732001,binance,True
OGNUSDT,0.03279755,0.03279613,0.03274007,0.0001,0.0001,1768723200000,1768710732001,binance,True
USDCUSDT,0.999685,1.00017249,1.00018450,9.41e-06,0.0001,1768723200000,1768710732001,binance,True
API3USDT,0.4349449,0.43585938,0.43654625,-7.104e-05,0.0001,1768723200000,1768710732001,binance,True
IMXUSDT,0.2876,0.28772581,0.28836741,5e-05,0.0001,1768723200000,1768710732001,binance,True
YFIUSDT,3628.0,3631.89711776,3636.57809050,7.065e-05,0.0001,1768723200000,1768710732001,binance,True
FILUSDT,1.526,1.52685605,1.52814557,4.854e-05,0.0001,1768723200000,1768710732001,binance,True
KAVAUSDT,0.0931,0.09326621,0.09340813,4.021e-05,0.0001,1768723200000,1768710732001,binance,True
ASTRUSDT,0.011432,0.01145138,0.01146095,-4.716e-05,0.0001,1768723200000,1768710732001,binance,True
BTCUSDT,95046.59908333,95092.6575,95140.14782718,4.886e-05,0.0001,1768723200000,1768710732001,binance,True
BICOUSDT,0.04484,0.04486118,0.04496755,-1.44e-06,0.0001,1768723200000,1768710732001,binance,True
ANIMEUSDT,0.00756613,0.00757756,0.00758826,-0.00010438,0.0001,1768723200000,1768710732001,binance,True
IRYSUSDT,0.0421,0.04208633,0.04208235,5e-05,0.0001,1768723200000,1768710732001,binance,True
BIOUSDT,0.04433496,0.04433395,0.04451962,-2.64e-06,0.0001,1768723200000,1768710732001,binance,True
USUSDT,0.00702,0.00701619,0.00710802,5e-05,0.0001,1768723200000,1768710732001,binance,True
ARKMUSDT,0.2069,0.20711253,0.20760285,4.232e-05,0.0001,1768723200000,1768710732001,binance,True
COMMONUSDT,0.00307093,0.00306834,0.00306579,5e-05,0.0001,1768723200000,1768710732001,binance,True
TROYUSDT,0.00033,0.00033,0.00000000,0.0,0.0001,1768716000000,1768710732001,binance,True
PNUTUSDT,0.08215133,0.08223054,0.08239702,-8.204e-05,0.0001,1768723200000,1768710732001,binance,True
ENSOUSDT,0.65449369,0.65591904,0.65583035,5e-05,0.0001,1768723200000,1768710732001,binance,True
SEIUSDT,0.11982973,0.11982736,0.12007718,-2.091e-05,0.0001,1768723200000,1768710732001,binance,True
SNXUSDT,0.47819577,0.47912432,0.48008176,0.0001,0.0001,1768723200000,1768710732001,binance,True
WLDUSDT,0.54393217,0.54443755,0.54489724,-1.92e-06,0.0001,1768723200000,1768710732001,binance,True
KITEUSDT,0.09515867,0.09489851,0.09474924,5e-05,0.0001,1768723200000,1768710732001,binance,True
EIGENUSDT,0.3956,0.39602647,0.39606931,-5.872e-05,0.0001,1768723200000,1768710732001,binance,True
BRUSDT,0.05406959,0.05406725,0.05408967,5e-05,0.0001,1768723200000,1768710732001,binance,True
OXTUSDT,0.02478,0.02479607,0.02483955,-0.0001878,0.0001,1768723200000,1768710732001,binance,True
LOOMUSDT,0.001424,0.001424,0.00000000,0.0,0.0001,1768723200000,1768710732001,binance,True
IOSTUSDT,0.001643,0.00164498,0.00164691,9.492e-05,0.0001,1768723200000,1768710732001,binance,True
SPORTFUNUSDT,0.0947,0.09459879,0.09375110,0.00030101,0.0001,1768723200000,1768710732001,binance,True
SANDUSDT,0.15404484,0.15440991,0.15402006,-0.00079672,0.0001,1768723200000,1768710732001,binance,True
XMRUSDT,564.03,563.08,560.34531518,0.00271541,0.0001,1768723200000,1768710732001,binance,True
HIVEUSDT,0.10525484,0.10539541,0.10547357,5e-05,0.0001,1768723200000,1768710732001,binance,True
RSRUSDT,0.00268561,0.00268921,0.00268743,5.911e-05,0.0001,1768723200000,1768710732001,binance,True
HAEDALUSDT,0.04792516,0.04801324,0.04803074,3.358e-05,0.0001,1768723200000,1768710732001,binance,True
MERLUSDT,0.20368481,0.20380822,0.20520862,5e-05,0.0001,1768723200000,1768710732001,binance,True
PENDLEUSDT,2.0849,2.08720134,2.09114924,3.517e-05,0.0001,1768723200000,1768710732001,binance,True
OPUSDT,0.3403,0.34031923,0.34088564,4.693e-05,0.0001,1768723200000,1768710732001,binance,True
SKATEUSDT,0.0050732,0.00500301,0.00000000,0.0,0.0001,1768723200000,1768710732001,binance,True
VINEUSDT,0.02861,0.02860357,0.02866021,5e-05,0.0001,1768723200000,1768710732001,binance,True
CELOUSDT,0.14044771,0.14074062,0.14081091,0.0001,0.0001,1768723200000,1768710732001,binance,True
SXPUSDT,0.0676042,0.06756464,0.00000000,0.0,0.0001,1768723200000,1768710732001,binance,True
BABYUSDT,0.01867089,0.01870679,0.01871874,5e-05,0.0001,1768723200000,1768710732001,binance,True
BDXNUSDT,0.01786,0.0177625,0.01772961,5.019e-05,0.0001,1768723200000,1768710732001,binance,True
ANKRUSDT,0.00716082,0.00716776,0.00718582,0.0001,0.0001,1768723200000,1768710732001,binance,True
XRPUSDT,2.0519,2.0531633,2.05473517,3.352e-05,0.0001,1768723200000,1768710732001,binance,True
TAUSDT,0.036618,0.03644024,0.03645852,5e-05,0.0001,1768723200000,1768710732001,binance,True
SNTUSDT,0.02531,0.02531,0.00000000,0.0,0.0001,1768723200000,1768710732001,binance,True
1000XUSDT,0.020844,0.020844,0.00000000,0.0,0.0001,1768723200000,1768710732001,binance,True
SYRUPUSDT,0.35809617,0.35868345,0.35902761,-0.00015376,0.0001,1768723200000,1768710732001,binance,True
PENGUUSDC,0.011658,0.01167428,0.01169576,-0.0001157,0.0001,1768723200000,1768710732001,binance,True
MATICUSDT,0.19800429,0.198,0.19800000,0.0001,0.0001,1768723200000,1768710732001,binance,True
AVAAIUSDT,0.01084372,0.01083662,0.01083980,5e-05,0.0001,1768723200000,1768710732001,binance,True
SPKUSDT,0.02285,0.02291884,0.02291287,5e-05,0.0001,1768723200000,1768710732001,binance,True
BNBUSDC,948.58443715,948.11443481,948.85365692,6.104e-05,0.0,1768723200000,1768710732001,binance,True
ENAUSDT,0.21731287,0.2175618,0.21789813,3.455e-05,0.0001,1768723200000,1768710732001,binance,True
MIRAUSDT,0.1357,0.1358963,0.13625480,5e-05,0.0001,1768723200000,1768710732001,binance,True
SCRTUSDT,0.13114697,0.13168448,0.13069225,-0.00018946,0.0001,1768723200000,1768710732001,binance,True
ARIAUSDT,0.09057912,0.09038154,0.09026428,5e-05,0.0001,1768723200000,1768710732001,binance,True
PLANCKUSDT,0.27147417,0.2714683,0.27146830,5e-05,0.0001,1768723200000,1768710732001,binance,True
JCTUSDT,0.00222796,0.00222085,0.00221316,0.00053581,0.0001,1768723200000,1768710732001,binance,True
1000BONKUSDT,0.010327,0.0103365,0.01034706,-0.00010718,0.0001,1768723200000,1768710732001,binance,True
COOKIEUSDT,0.0351,0.03510188,0.03537628,5e-05,0.0001,1768723200000,1768710732001,binance,True
BTCUSDT_260327,95875.77223333,95092.27325,95140.12123019,0.0,0.0,0,1768710732001,binance,True
BOMEUSDT,0.0006542,0.0006555,0.00065547,-3.373e-05,0.0001,1768723200000,1768710732001,binance,True
SENTUSDT,0.0322985,0.0322985,0.00000000,5e-05,0.0001,1768723200000,1768710732001,binance,True
TRUTHUSDT,0.011622,0.01159052,0.01159715,5e-05,0.0001,1768723200000,1768710732001,binance,True
1000000BOBUSDT,0.01908575,0.01908472,0.01909400,5e-05,0.0001,1768723200000,1768710732001,binance,True
BANANAUSDT,7.254,7.26778803,7.26301759,4.145e-05,0.0001,1768723200000,1768710732001,binance,True
NFPUSDT,0.02782051,0.02782957,0.02787152,5e-05,0.0001,1768723200000,1768710732001,binance,True
HOLOUSDT,0.07623123,0.07622793,0.07680973,5e-05,0.0001,1768723200000,1768710732001,binance,True
LPTUSDT,3.25208919,3.25775405,3.26342467,-6.155e-05,0.0001,1768723200000,1768710732001,binance,True
BNTUSDT,0.437,0.43752812,0.43765483,-0.00049571,0.0001,1768723200000,1768710732001,binance,True
YGGUSDT,0.07300155,0.07310794,0.07317354,5e-05,0.0001,1768723200000,1768710732001,binance,True
STRKUSDT,0.0834,0.08342765,0.08353452,7.5e-07,0.0001,1768723200000,1768710732001,binance,True
RIFUSDT,0.03684,0.036892,0.03690022,5e-05,0.0001,1768723200000,1768710732001,binance,True
YALAUSDT,0.01807,0.01801297,0.01801157,5e-05,0.0001,1768723200000,1768710732001,binance,True
BALUSDT,1.25343333,1.25343333,0.00000000,0.0,0.0,0,1768710732001,binance,True
GIGGLEUSDT,62.18659146,62.14379061,62.33622663,5e-05,0.0001,1768723200000,1768710732001,binance,True
TRADOORUSDT,1.083,1.08053484,1.09189835,0.00020318,0.0001,1768723200000,1768710732001,binance,True
SHELLUSDT,0.0502,0.05028878,0.05052364,5e-05,0.0001,1768723200000,1768710732001,binance,True
MINAUSDT,0.08680303,0.08698289,0.08697694,-0.00017324,0.0001,1768723200000,1768710732001,binance,True
BTCSTUSDT,0.91911989,0.9191,0.91910000,0.0001,0.0001,1768723200000,1768710732001,binance,True
DIAUSDT,0.29227057,0.29259917,0.29286852,5e-05,0.0001,1768723200000,1768710732001,binance,True
ZILUSDT,0.00575,0.00575171,0.00575958,0.0001,0.0001,1768723200000,1768710732001,binance,True
MAGICUSDT,0.1029,0.10306727,0.10324534,-4.284e-05,0.0001,1768723200000,1768710732001,binance,True
PROMPTUSDT,0.06444,0.06453571,0.06466300,5e-05,0.0001,1768723200000,1768710732001,binance,True
SOMIUSDT,0.22808024,0.22842755,0.22862570,-3.6e-06,0.0001,1768723200000,1768710732001,binance,True
HEMIUSDT,0.01653333,0.01653265,0.01651651,5e-05,0.0001,1768723200000,1768710732001,binance,True
AVNTUSDT,0.2893,0.29043593,0.29103406,-0.00130616,0.0001,1768723200000,1768710732001,binance,True
WALUSDT,0.1579,0.1581905,0.15862348,-0.00011626,0.0001,1768723200000,1768710732001,binance,True
SUSHIUSDT,0.3459,0.34632327,0.34667972,-3.431e-05,0.0001,1768723200000,1768710732001,binance,True
USELESSUSDT,0.08913,0.0889752,0.08881717,8.903e-05,0.0001,1768723200000,1768710732001,binance,True
KMNOUSDT,0.05492655,0.05501813,0.05507393,-3.75e-05,0.0001,1768723200000,1768710732001,binance,True
LDOUSDT,0.6023,0.60303243,0.60407003,-4.153e-05,0.0001,1768723200000,1768710732001,binance,True
IOTAUSDT,0.0938,0.09397871,0.09400670,-7.27e-06,0.0001,1768723200000,1768710732001,binance,True
WLDUSDC,0.54372455,0.54434238,0.54476060,5.853e-05,0.0001,1768723200000,1768710732001,binance,True
VTHOUSDT,0.00086504,0.00086703,0.00086754,-1.456e-05,0.0001,1768723200000,1768710732001,binance,True
SOPHUSDT,0.013362,0.0133734,0.01338784,5e-05,0.0001,1768723200000,1768710732001,binance,True
XTZUSDT,0.615,0.61510474,0.61541903,-0.00017312,0.0001,1768723200000,1768710732001,binance,True
ADAUSDC,0.3939,0.39427288,0.39437528,-2.663e-05,0.0001,1768723200000,1768710732001,binance,True
XRPUSDC,2.05175134,2.05330235,2.05452351,3.138e-05,0.0001,1768723200000,1768710732001,binance,True
SWARMSUSDT,0.0144418,0.0144462,0.01445915,5e-05,0.0001,1768723200000,1768710732001,binance,True
JUPUSDT,0.2216,0.22180348,0.22182008,-7.618e-05,0.0001,1768723200000,1768710732001,binance,True
XPLUSDT,0.1382,0.13833103,0.13853819,5e-05,0.0001,1768723200000,1768710732001,binance,True
BNXUSDT,1.55,1.55,0.00000000,0.0,0.0001,1768723200000,1768710732001,binance,True
APRUSDT,0.14104967,0.14074607,0.14032411,5e-05,0.0001,1768723200000,1768710732001,binance,True
EDENUSDT,0.06461912,0.06461632,0.06478016,5e-05,0.0001,1768723200000,1768710732001,binance,True
COLLECTUSDT,0.09915,0.0990886,0.09856420,5e-05,0.0001,1768723200000,1768710732001,binance,True
NEOUSDT,4.014,4.01903125,4.01269530,8.171e-05,0.0001,1768723200000,1768710732001,binance,True
SAHARAUSDT,0.02647059,0.02650674,0.02651538,5e-05,0.0001,1768723200000,1768710732001,binance,True
NAORISUSDT,0.02713,0.02709308,0.02735416,5e-05,0.0001,1768723200000,1768710732001,binance,True
FUSDT,0.00664852,0.00666048,0.00665754,-0.0001629,0.0001,1768723200000,1768710732001,binance,True
YBUSDT,0.305,0.30529205,0.30570553,3.646e-05,0.0001,1768723200000,1768710732001,binance,True
FLMUSDT,0.0064448,0.0064448,0.00000000,0.0,0.0001,1768723200000,1768710732001,binance,True
MANTAUSDT,0.08229,0.08233779,0.08249718,3.921e-05,0.0001,1768723200000,1768710732001,binance,True
NEIROUSDT,0.0001274,0.00012752,0.00012780,-0.00013299,0.0001,1768723200000,1768710732001,binance,True
GUNUSDT,0.0247002,0.02474506,0.02473859,4.275e-05,0.0001,1768723200000,1768710732001,binance,True
INJUSDT,5.22235093,5.22808015,5.23320145,-7.47e-06,0.0001,1768723200000,1768710732001,binance,True
XAUUSDT,4604.11274438,4596.4982,4596.49820000,0.00058925,0.0001,1768723200000,1768710732469,binance,True
GALAUSDT,0.00766494,0.00767759,0.00766309,0.0001,0.0001,1768723200000,1768710732001,binance,True
PUMPUSDT,0.002796,0.00279881,0.00280296,-5.92e-06,0.0001,1768723200000,1768710732001,binance,True
COTIUSDT,0.02198,0.02198226,0.02207084,0.0001,0.0001,1768723200000,1768710732001,binance,True
HOMEUSDT,0.030176,0.03014947,0.03003199,5e-05,0.0001,1768723200000,1768710732001,binance,True
VANAUSDT,2.405,2.41065611,2.41865950,-4.724e-05,0.0001,1768723200000,1768710732001,binance,True
AEROUSDT,0.546,0.54744605,0.54811885,-0.00042494,0.0001,1768723200000,1768710732001,binance,True
WCTUSDT,0.08052236,0.08067532,0.08042905,5e-05,0.0001,1768723200000,1768710732001,binance,True
PIEVERSEUSDT,0.5053,0.50521221,0.50682144,5e-05,0.0001,1768723200000,1768710732001,binance,True
THEUSDT,0.2584,0.25885285,0.25817283,5e-05,0.0001,1768723200000,1768710732001,binance,True
DAMUSDT,0.03250661,0.03219059,0.03259400,0.0004674,0.0001,1768723200000,1768710732001,binance,True
KAIAUSDT,0.05868147,0.05872568,0.05875457,2.532e-05,0.0001,1768723200000,1768710732001,binance,True
CLOUSDT,0.6257,0.6265196,0.62811639,-1.376e-05,0.0001,1768723200000,1768710732001,binance,True
BANDUSDT,0.346,0.34647059,0.34705320,-0.00016103,0.0001,1768723200000,1768710732001,binance,True
MDTUSDT,0.0131894,0.01317364,0.00000000,0.0,0.0001,1768723200000,1768710732001,binance,True
MUSDT,1.53771657,1.53714857,1.53716740,5e-05,0.0001,1768723200000,1768710732001,binance,True
FRONTUSDT,0.45000974,0.45,0.45000000,0.0001,0.0001,1768723200000,1768710732001,binance,True
LQTYUSDT,0.41638,0.41711429,0.41799847,0.0001,0.0001,1768723200000,1768710732001,binance,True
IDUSDT,0.07615461,0.07631826,0.07630150,-0.00027428,0.0001,1768723200000,1768710732001,binance,True
TSTUSDT,0.01629494,0.01631827,0.01633851,5e-05,0.0001,1768723200000,1768710732001,binance,True
RVNUSDT,0.00757771,0.00758295,0.00758898,5e-05,0.0001,1768723200000,1768710732001,binance,True
BONDUSDT,0.15954,0.15954,0.00000000,0.0,0.0,0,1768710732001,binance,True
HUSDT,0.18152,0.18113274,0.18030251,5.096e-05,0.0001,1768723200000,1768710732001,binance,True
VOXELUSDT,0.01218,0.01218,0.00000000,0.0,0.0,0,1768710732001,binance,True
MASKUSDT,0.67484667,0.67583235,0.67617572,1.892e-05,0.0001,1768723200000,1768710732001,binance,True
0GUSDT,0.8727,0.87332121,0.87401111,5e-05,0.0001,1768723200000,1768710732001,binance,True
HUMAUSDT,0.0267234,0.02673724,0.02678734,5e-05,0.0001,1768723200000,1768710732001,binance,True
DOGEUSDT,0.13712178,0.13721463,0.13725845,1.6e-06,0.0001,1768723200000,1768710732001,binance,True
CHESSUSDT,0.03002622,0.0300525,0.03007942,5e-05,0.0001,1768723200000,1768710732001,binance,True
VETUSDT,0.011613,0.01162334,0.01164545,0.0001,0.0001,1768723200000,1768710732001,binance,True
SANTOSUSDT,2.404,2.40870866,2.39436180,5e-05,0.0001,1768723200000,1768710732001,binance,True
ACEUSDT,0.2872,0.28799052,0.28667916,5e-05,0.0001,1768723200000,1768710732001,binance,True
TRUUSDT,0.01019678,0.01020171,0.01023122,1.173e-05,0.0001,1768723200000,1768710732001,binance,True
ETHFIUSDT,0.73060332,0.73178478,0.73007425,5e-05,0.0001,1768723200000,1768710732001,binance,True
HYPERUSDT,0.1335,0.13370606,0.13389650,5e-05,0.0001,1768723200000,1768710732001,binance,True
AAVEUSDC,173.34,173.47123651,173.64982371,-5.304e-05,0.0001,1768723200000,1768710732001,binance,True
TACUSDT,0.00419395,0.00419351,0.00419674,5e-05,0.0001,1768723200000,1768710732001,binance,True
ALICEUSDT,0.18393939,0.18393143,0.18393113,0.0001,0.0001,1768723200000,1768710732001,binance,True
RESOLVUSDT,0.0770556,0.07719725,0.07713860,5e-05,0.0001,1768723200000,1768710732001,binance,True
OBOLUSDT,0.0286503,0.02865037,0.00000000,0.0,0.0001,1768723200000,1768710732001,binance,True
TWTUSDT,0.9445,0.94525625,0.94722464,5e-05,0.0001,1768723200000,1768710732001,binance,True
STOUSDT,0.11331,0.11407677,0.11191978,-0.00035721,0.0001,1768712400000,1768710732001,binance,True
DOODUSDT,0.0052883,0.00530653,0.00530949,-3.108e-05,0.0001,1768723200000,1768710732001,binance,True
ETHWUSDT,0.55054775,0.55004118,0.55084072,5e-05,0.0001,1768723200000,1768710732001,binance,True
FIDAUSDT,0.03551349,0.03554024,0.03558652,2.876e-05,0.0001,1768723200000,1768710732001,binance,True
ETHUSDC,3308.11019118,3309.82047154,3314.08564482,4.807e-05,0.0001,1768723200000,1768710732001,binance,True
TOWNSUSDT,0.00652753,0.00653013,0.00654650,5e-05,0.0001,1768723200000,1768710732001,binance,True
PROVEUSDT,0.4054,0.40633628,0.40752437,5e-05,0.0001,1768723200000,1768710732001,binance,True
MLNUSDT,4.89,4.90816,4.90775131,5e-05,0.0001,1768723200000,1768710732001,binance,True
PORT3USDT,0.00399291,0.00399291,0.00000000,0.0,0.0001,1768723200000,1768710732001,binance,True
ICNTUSDT,0.4405,0.44174364,0.44168654,-0.00023606,0.0001,1768723200000,1768710732001,binance,True
MILKUSDT,0.00293664,0.002932,0.00000000,0.0,0.0001,1768723200000,1768710732001,binance,True
GMXUSDT,7.95,7.963,7.97181510,6.958e-05,0.0001,1768723200000,1768710732001,binance,True
LINKUSDT,13.669,13.67966558,13.69070479,1.482e-05,0.0001,1768723200000,1768710732001,binance,True
EGLDUSDT,6.65517611,6.66753055,6.64183584,-1.076e-05,0.0001,1768723200000,1768710732001,binance,True
RAREUSDT,0.02848042,0.02856714,0.02841322,-0.0029798,0.0001,1768723200000,1768710732001,binance,True
REIUSDT,0.0037674,0.0037674,0.00000000,0.0,0.0,0,1768710732001,binance,True
FHEUSDT,0.14650464,0.14607143,0.14491608,0.00077073,0.0001,1768723200000,1768710732001,binance,True
1000SATSUSDT,1.864e-05,1.864e-05,0.00001865,5e-05,0.0001,1768723200000,1768710732001,binance,True
ATAUSDT,0.0194,0.01948574,0.01950318,-0.00018483,0.0001,1768723200000,1768710732001,binance,True
ILVUSDT,6.583,6.58581279,6.61258585,-5.263e-05,0.0001,1768723200000,1768710732001,binance,True
BTCUSDC,95027.2,95073.19040312,95121.78348788,3.539e-05,0.0001,1768723200000,1768710732001,binance,True
MAVIAUSDT,0.06049762,0.060495,0.06054752,5e-05,0.0001,1768723200000,1768710732001,binance,True
IPUSDT,2.66041884,2.67934714,2.68374582,-0.00335552,0.0001,1768723200000,1768710732001,binance,True
TRUSTUSDT,0.1086,0.10857913,0.10863704,5e-05,0.0001,1768723200000,1768710732001,binance,True
XPINUSDT,0.002352,0.00234709,0.00234905,5e-05,0.0001,1768723200000,1768710732001,binance,True
ADAUSDT,0.394,0.39429739,0.39444545,1.7e-05,0.0001,1768723200000,1768710732001,binance,True
GMTUSDT,0.01869,0.01871956,0.01883351,-0.0004201,0.0001,1768723200000,1768710732001,binance,True
WIFUSDT,0.3741,0.3741129,0.37506315,-2.09e-05,0.0001,1768723200000,1768710732001,binance,True
SOLVUSDT,0.01287538,0.01287804,0.01288763,5e-05,0.0001,1768723200000,1768710732001,binance,True
BAKEUSDT,0.012312,0.012312,0.00000000,0.0,0.0,0,1768710732001,binance,True
HMSTRUSDT,0.0002506,0.00025069,0.00025078,5e-05,0.0001,1768723200000,1768710732001,binance,True
AMBUSDT,9.032e-05,9.032e-05,0.00000000,0.0,0.0001,1768723200000,1768710732001,binance,True
CUDISUSDT,0.03108,0.03098021,0.03095251,5e-05,0.0001,1768723200000,1768710732001,binance,True
SKLUSDT,0.0106049,0.01061855,0.01062434,5e-05,0.0001,1768723200000,1768710732001,binance,True
HIFIUSDT,0.04455556,0.04455556,0.00000000,0.0,0.0,0,1768710732001,binance,True
SKYAIUSDT,0.04119076,0.04108755,0.04082057,0.00016062,0.0001,1768723200000,1768710732001,binance,True
USTCUSDT,0.00722,0.00722345,0.00723336,5e-05,0.0001,1768723200000,1768710732001,binance,True
KEYUSDT,0.00055633,0.00055633,0.00000000,0.0,0.0001,1768723200000,1768710732001,binance,True
GAIBUSDT,0.02944182,0.02944118,0.02949042,5e-05,0.0001,1768723200000,1768710732001,binance,True
PIXELUSDT,0.01015,0.01015025,0.01017290,5e-05,0.0001,1768723200000,1768710732001,binance,True
QTUMUSDT,1.454,1.45555938,1.45672086,0.0001,0.0001,1768723200000,1768710732001,binance,True
DARUSDT,0.21705535,0.21705535,0.00000000,0.0,0.0001,1768723200000,1768710732001,binance,True
PLAYUSDT,0.06828,0.06797484,0.06815953,0.00042678,0.0001,1768723200000,1768710732001,binance,True
BROCCOLI714USDT,0.02167,0.02170026,0.02172470,-6.007e-05,0.0001,1768723200000,1768710732001,binance,True
DODOXUSDT,0.01875387,0.01874194,0.01880911,5e-05,0.0001,1768723200000,1768710732001,binance,True
IOTXUSDT,0.008412,0.00841926,0.00842769,-9.129e-05,0.0001,1768723200000,1768710732001,binance,True
DEGOUSDT,0.5032,0.5037619,0.50336071,5e-05,0.0001,1768723200000,1768710732001,binance,True
AKEUSDT,0.00042726,0.00042846,0.00042860,5e-05,0.0001,1768723200000,1768710732001,binance,True
ZEREBROUSDT,0.01456619,0.01456556,0.01459050,5e-05,0.0001,1768723200000,1768710732001,binance,True
AEVOUSDT,0.04196154,0.04204375,0.04207764,5e-05,0.0001,1768723200000,1768710732001,binance,True
KASUSDT,0.04373,0.0437825,0.04383781,5e-05,0.0001,1768723200000,1768710732001,binance,True
MOVRUSDT,2.554,2.55731242,2.56180191,5e-05,0.0001,1768723200000,1768710732001,binance,True
PERPUSDT,0.07290505,0.07307223,0.00000000,0.0,0.0001,1768723200000,1768710732001,binance,True
ORBSUSDT,0.01807714,0.01807714,0.00000000,0.0,0.0001,1768723200000,1768710732001,binance,True
ETHUSDT_251226,3314.72181925,3310.31162791,0.00000000,0.0,0.0,0,1768710732001,binance,True
FIOUSDT,0.01136,0.01136904,0.01138046,5e-05,0.0001,1768723200000,1768710732001,binance,True
BLURUSDT,0.03890902,0.03907504,0.03966930,-0.00140798,0.0001,1768723200000,1768710732001,binance,True
FLUIDUSDT,3.331,3.3366461,3.33856174,5e-05,0.0001,1768723200000,1768710732001,binance,True
2ZUSDT,0.12703,0.12720532,0.12754791,-1.334e-05,0.0001,1768723200000,1768710732001,binance,True
FLOWUSDT,0.09450471,0.09545488,0.09518361,-0.00123326,0.0001,1768723200000,1768710732001,binance,True
PAXGUSDT,4615.00092032,4617.68297121,4616.69181845,4.52e-06,0.0001,1768723200000,1768710732001,binance,True
AGLDUSDT,0.30732234,0.3078514,0.30844009,-0.00013747,0.0001,1768723200000,1768710732001,binance,True
C98USDT,0.02462919,0.02462812,0.02469407,0.0001,0.0001,1768723200000,1768710732001,binance,True
NULSUSDT,0.00957,0.00957,0.00000000,0.0,0.0,0,1768710732001,binance,True
RAVEUSDT,0.36809,0.367549,0.36676648,0.00019591,0.0001,1768723200000,1768710732001,binance,True
PUFFERUSDT,0.05559,0.05570803,0.05579513,5e-05,0.0001,1768723200000,1768710732001,binance,True
CRVUSDC,0.4129,0.41327018,0.41544742,-0.00014905,0.0001,1768723200000,1768710732001,binance,True
MATICUSDC,0.37910821,0.3791,0.37910000,0.0001,0.0001,1768723200000,1768710732001,binance,True
ASRUSDT,1.78049379,1.78103691,1.78024626,5e-05,0.0001,1768723200000,1768710732001,binance,True
REEFUSDT,0.00046432,0.00046432,0.00000000,0.0,0.0001,1768723200000,1768710732001,binance,True
1000CHEEMSUSDT,0.000923,0.00092415,0.00092576,4.886e-05,0.0001,1768723200000,1768710732001,binance,True
CROSSUSDT,0.1319,0.13165193,0.13132886,5e-05,0.0001,1768723200000,1768710732001,binance,True
ALLUSDT,0.66770959,0.66930602,0.66972719,-1.286e-05,0.0001,1768723200000,1768710732001,binance,True
WLFIUSDC,0.1669,0.16716847,0.16723565,-6.329e-05,0.0001,1768723200000,1768710732001,binance,True
ORDERUSDT,0.09131808,0.09141188,0.09147163,0.0001,0.0001,1768723200000,1768710732001,binance,True
FXSUSDT,0.91219889,0.895,0.00000000,0.0,0.0001,1768723200000,1768710732001,binance,True
PNUTUSDC,0.08213,0.08221239,0.08238197,-5.639e-05,0.0001,1768723200000,1768710732001,binance,True
HEIUSDT,0.12835,0.12844286,0.12866523,5e-05,0.0001,1768723200000,1768710732001,binance,True
ALTUSDT,0.01268524,0.01270104,0.01271139,5e-05,0.0001,1768723200000,1768710732001,binance,True
ACXUSDT,0.05351,0.05353061,0.05354442,5e-05,0.0001,1768723200000,1768710732001,binance,True
MOVEUSDT,0.03736267,0.0373773,0.03735756,-6.847e-05,0.0001,1768723200000,1768710732001,binance,True
RVVUSDT,0.00393754,0.00391829,0.00394032,5e-05,0.0001,1768723200000,1768710732001,binance,True
FETUSDT,0.27459271,0.27494429,0.27534395,-4.238e-05,0.0001,1768723200000,1768710732001,binance,True
BSWUSDT,0.00686275,0.00686275,0.00000000,0.0,0.0001,1768723200000,1768710732001,binance,True
SPXUSDT,0.54947152,0.55035455,0.55094972,-1.711e-05,0.0001,1768723200000,1768710732001,binance,True
ARKUSDT,0.2851504,0.28542069,0.28591711,5e-05,0.0001,1768723200000,1768710732001,binance,True
WAVESUSDT,0.75728182,0.75728182,0.00000000,0.0,0.0,0,1768710732001,binance,True
ENJUSDT,0.03337,0.03339763,0.03341121,4.147e-05,0.0001,1768723200000,1768710732001,binance,True
TAKEUSDT,0.06146,0.06142924,0.06144760,5e-05,0.0001,1768723200000,1768710732001,binance,True
SOLUSDT,142.62157841,142.71863528,142.75300817,-8.4e-05,0.0001,1768723200000,1768710732001,binance,True
FOGOUSDT,0.03457645,0.03459261,0.03469207,5e-05,0.0001,1768723200000,1768710732001,binance,True
DEFIUSDT,829.90513793,829.90513793,0.00000000,0.0,0.0001,1768723200000,1768710732001,binance,True
EPICUSDT,0.60827805,0.60911767,0.61161500,-9.375e-05,0.0001,1768723200000,1768710732001,binance,True
1000WHYUSDT,1.62e-05,1.622e-05,0.00001619,5e-05,0.0001,1768723200000,1768710732001,binance,True
XAGUSDT,90.3483474,90.1376,90.13760000,0.00064855,0.0001,1768723200000,1768710732469,binance,True
CVXUSDT,2.12306711,2.12938632,2.13382432,-6.78e-06,0.0001,1768723200000,1768710732001,binance,True
LISTAUSDT,0.1681,0.16817137,0.16839004,5e-05,0.0001,1768723200000,1768710732001,binance,True
CGPTUSDT,0.03544,0.03546748,0.03557184,5e-05,0.0001,1768723200000,1768710732001,binance,True
LUMIAUSDT,0.12041626,0.1208589,0.12105613,-7.156e-05,0.0001,1768723200000,1768710732001,binance,True
CHRUSDT,0.04747893,0.04747688,0.04772100,0.0001,0.0001,1768723200000,1768710732001,binance,True
RIVERUSDT,20.72905239,20.72882841,19.92950703,5.547e-05,0.0001,1768712400000,1768710732001,binance,True
LINKUSDC,13.66695401,13.6782498,13.68819710,1.777e-05,0.0001,1768723200000,1768710732001,binance,True
FARTCOINUSDT,0.34345419,0.3434556,0.34490574,1.233e-05,0.0001,1768723200000,1768710732001,binance,True
ARBUSDT,0.2135,0.21354604,0.21441647,-0.0001428,0.0001,1768723200000,1768710732001,binance,True
DUSDT,0.01283837,0.01283781,0.01284657,5e-05,0.0001,1768723200000,1768710732001,binance,True
ZRCUSDT,0.0029082,0.00293244,0.00291894,-0.00042832,0.0001,1768723200000,1768710732001,binance,True
DRIFTUSDT,0.1902,0.19041429,0.19152448,-0.00033367,0.0001,1768723200000,1768710732001,binance,True
BOBUSDT,0.01097919,0.01097411,0.01099052,5e-05,0.0001,1768723200000,1768710732001,binance,True
TURTLEUSDT,0.05703,0.05719295,0.05730194,5e-05,0.0001,1768723200000,1768710732001,binance,True
1000SHIBUSDT,0.00838669,0.00839105,0.00839491,4.437e-05,0.0001,1768723200000,1768710732001,binance,True
NOMUSDT,0.007976,0.00798431,0.00799867,5e-05,0.0001,1768723200000,1768710732001,binance,True
APEUSDT,0.22262755,0.2229,0.22314217,6.15e-05,0.0001,1768723200000,1768710732001,binance,True
AIOTUSDT,0.0845,0.08460034,0.08478380,5e-05,0.0001,1768723200000,1768710732001,binance,True
AUSDT,0.12620822,0.12636633,0.12632837,-6.94e-05,0.0001,1768723200000,1768710732001,binance,True
BSVUSDT,19.325,19.35894737,19.37006608,-0.00028874,0.0001,1768723200000,1768710732001,binance,True
GRTUSDT,0.04204,0.04209784,0.04211523,1.203e-05,0.0001,1768723200000,1768710732001,binance,True
LTCUSDT,74.37142157,74.41970588,74.70909492,2.645e-05,0.0001,1768723200000,1768710732001,binance,True
TOKENUSDT,0.00481371,0.00481055,0.00000000,0.0,0.0001,1768723200000,1768710732001,binance,True
OPENUSDT,0.17572295,0.17610558,0.17641245,5e-05,0.0001,1768723200000,1768710732001,binance,True
SCUSDT,0.00166942,0.00166978,0.00000000,0.0,0.0001,1768723200000,1768710732001,binance,True
TRBUSDT,22.44464121,22.46216384,22.47757539,5e-05,0.0001,1768723200000,1768710732001,binance,True
BTCUSDT_251226,95140.12123019,95092.27325,0.00000000,0.0,0.0,0,1768710732001,binance,True
AGTUSDT,0.00350273,0.00349767,0.00349656,5e-05,0.0001,1768723200000,1768710732001,binance,True
GLMRUSDT,0.02636233,0.026296,0.00000000,0.0,0.0001,1768723200000,1768710732001,binance,True
STGUSDT,0.1483,0.14835484,0.14851927,-1.423e-05,0.0001,1768723200000,1768710732001,binance,True
BEATUSDT,0.3746,0.37414007,0.37305215,0.00017128,0.0001,1768723200000,1768710732001,binance,True
1000PEPEUSDT,0.005783,0.0057835,0.00579385,-4.23e-05,0.0001,1768723200000,1768710732001,binance,True
VELVETUSDT,0.14871,0.14825112,0.14822162,5e-05,0.0001,1768723200000,1768710732001,binance,True
OMGUSDT,0.15445273,0.15445273,0.00000000,0.0,0.0001,1768723200000,1768710732001,binance,True
FORMUSDT,0.37176002,0.37223468,0.37177660,5e-05,0.0001,1768723200000,1768710732001,binance,True
BLESSUSDT,0.01131612,0.0112679,0.01128449,0.0002095,0.0001,1768723200000,1768710732001,binance,True
MMTUSDT,0.2113,0.21169,0.21218976,-0.00021233,0.0001,1768723200000,1768710732001,binance,True
BIDUSDT,0.02357,0.02345061,0.02359171,5e-05,0.0001,1768723200000,1768710732001,binance,True
ETHUSDT,3308.80977519,3310.54325581,3314.72427072,5.652e-05,0.0001,1768723200000,1768710732001,binance,True
CYSUSDT,0.5006,0.49949603,0.49944875,5.18e-05,0.0001,1768723200000,1768710732001,binance,True
SIRENUSDT,0.07673,0.07667107,0.07677985,5e-05,0.0001,1768723200000,1768710732001,binance,True
STXUSDT,0.3571,0.35756757,0.35761233,-6.94e-06,0.0001,1768723200000,1768710732001,binance,True
STBLUSDT,0.05366,0.05360095,0.05394153,5e-05,0.0001,1768723200000,1768710732001,binance,True
BOMEUSDC,0.00065392,0.00065536,0.00065535,9.24e-06,0.0001,1768723200000,1768710732001,binance,True
XVSUSDT,5.70965321,5.710216,5.71584568,6.21e-05,0.0001,1768723200000,1768710732001,binance,True
DMCUSDT,0.001149,0.00114906,0.00114847,5e-05,0.0001,1768723200000,1768710732001,binance,True
MEUSDT,0.2343523,0.23459248,0.23619485,-0.00013692,0.0001,1768723200000,1768710732001,binance,True
NIGHTUSDT,0.06106039,0.06117767,0.06133749,-0.00011153,0.0001,1768723200000,1768710732001,binance,True
IPUSDC,2.657,2.67786109,2.68325740,-0.0034905,0.0001,1768723200000,1768710732001,binance,True
POWERUSDT,0.15917796,0.15892305,0.16018851,5e-05,0.0001,1768723200000,1768710732001,binance,True
QUSDT,0.017164,0.01709663,0.01707321,5e-05,0.0001,1768723200000,1768710732001,binance,True
CYBERUSDT,0.75,0.75041183,0.75114541,5e-05,0.0001,1768723200000,1768710732001,binance,True
CLANKERUSDT,36.76,36.76443967,36.76696039,5e-05,0.0001,1768723200000,1768710732001,binance,True
SKYUSDT,0.06351218,0.06367701,0.06373869,-6.587e-05,0.0001,1768723200000,1768710732001,binance,True
LEVERUSDT,6.754e-05,6.754e-05,0.00000000,0.0,0.0001,1768712400000,1768710732001,binance,True
DOGSUSDT,4.57e-05,4.578e-05,0.00004578,5e-05,0.0001,1768723200000,1768710732001,binance,True
BROCCOLIF3BUSDT,0.00657918,0.00653252,0.00651285,5e-05,0.0001,1768723200000,1768710732001,binance,True
AWEUSDT,0.05493,0.05503949,0.05503992,5e-05,0.0001,1768723200000,1768710732001,binance,True
USUALUSDT,0.02954,0.02957422,0.02951262,2.489e-05,0.0001,1768723200000,1768710732001,binance,True
BULLAUSDT,0.0306,0.03042821,0.03041756,0.00073712,0.0001,1768723200000,1768710732001,binance,True
CETUSUSDT,0.0273689,0.02739935,0.02739839,-8.083e-05,0.0001,1768723200000,1768710732001,binance,True
ZETAUSDT,0.08166583,0.08180143,0.08186894,5e-05,0.0001,1768723200000,1768710732001,binance,True
KSMUSDT,7.72207303,7.73434395,7.73929357,-3.75e-06,0.0001,1768723200000,1768710732001,binance,True
PLUMEUSDT,0.01703255,0.0170571,0.01703574,-9.253e-05,0.0001,1768723200000,1768710732001,binance,True
ZECUSDT,394.21,394.51607686,394.10447144,-0.00033352,0.0001,1768723200000,1768710732001,binance,True
RLSUSDT,0.009163,0.00916278,0.00920447,5e-05,0.0001,1768723200000,1768710732001,binance,True
XCNUSDT,0.00844576,0.00844709,0.00000000,0.0,0.0001,1768723200000,1768710732001,binance,True
BANKUSDT,0.04918065,0.04921229,0.04929398,5e-05,0.0001,1768723200000,1768710732001,binance,True
DGBUSDT,0.00658308,0.00657666,0.00000000,0.0,0.0001,1768723200000,1768710732001,binance,True
COWUSDT,0.2488,0.24909842,0.24910191,5e-05,0.0001,1768723200000,1768710732001,binance,True
ALLOUSDT,0.10090829,0.10096486,0.10099387,5e-05,0.0001,1768723200000,1768710732001,binance,True
ACHUSDT,0.011184,0.01119785,0.01116144,0.0001,0.0001,1768723200000,1768710732001,binance,True
SOONUSDT,0.33630874,0.33734012,0.33742230,-0.00021406,0.0001,1768723200000,1768710732001,binance,True
DYMUSDT,0.06915,0.06918528,0.06912349,5e-05,0.0001,1768723200000,1768710732001,binance,True
ZKCUSDT,0.11527247,0.11565258,0.11535709,1.841e-05,0.0001,1768723200000,1768710732001,binance,True
DEEPUSDT,0.04721142,0.04734582,0.04737863,5e-05,0.0001,1768723200000,1768710732001,binance,True
ZKUSDT,0.03388111,0.03392842,0.03400124,-3e-08,0.0001,1768723200000,1768710732001,binance,True
TAIKOUSDT,0.17898957,0.17898182,0.17935845,5e-05,0.0001,1768723200000,1768710732001,binance,True
ETHUSDT_260626,3365.5932093,3310.31162791,3314.72181925,0.0,0.0,0,1768710732001,binance,True
EPTUSDT,0.00210379,0.00209524,0.00210625,0.00011681,0.0001,1768723200000,1768710732001,binance,True
HYPEUSDT,25.49546084,25.49435714,25.45637976,5e-05,0.0001,1768723200000,1768710732001,binance,True
LAUSDT,0.30926579,0.30962447,0.30985918,5e-05,0.0001,1768723200000,1768710732001,binance,True
INITUSDT,0.09284544,0.09300683,0.09303389,5e-05,0.0001,1768723200000,1768710732001,binance,True
B2USDT,0.7268,0.72632909,0.72863711,5e-05,0.0001,1768723200000,1768710732001,binance,True
MKRUSDT,1818.50800619,1818.50800619,0.00000000,0.0,0.0001,1768723200000,1768710732001,binance,True
1000SHIBUSDC,0.00838241,0.00839082,0.00839346,-0.00018489,0.0001,1768723200000,1768710732001,binance,True
XANUSDT,0.01558428,0.01561661,0.01561860,5e-05,0.0001,1768723200000,1768710732001,binance,True
AIUSDT,0.04373,0.04368259,0.04357742,5e-05,0.0001,1768723200000,1768710732001,binance,True
CHILLGUYUSDT,0.02135256,0.02135545,0.02137488,5e-05,0.0001,1768723200000,1768710732001,binance,True
KOMAUSDT,0.01070399,0.01067937,0.01068266,5e-05,0.0001,1768723200000,1768710732001,binance,True
FFUSDT,0.08577,0.08580683,0.08584299,5e-05,0.0001,1768723200000,1768710732001,binance,True
WAXPUSDT,0.009165,0.00919512,0.00918861,-0.00027728,0.0001,1768723200000,1768710732001,binance,True
HOOKUSDT,0.04008,0.04011677,0.04022268,0.0001,0.0001,1768723200000,1768710732001,binance,True
ZKJUSDT,0.04037167,0.04029909,0.04030490,5e-05,0.0001,1768723200000,1768710732001,binance,True
BLZUSDT,0.047222,0.047222,0.00000000,0.0,0.0001,1768723200000,1768710732001,binance,True
IDOLUSDT,0.03226,0.03222531,0.03222163,5e-05,0.0001,1768723200000,1768710732001,binance,True
CUSDT,0.07859824,0.07876282,0.07887473,5e-05,0.0001,1768723200000,1768710732001,binance,True
ARPAUSDT,0.01318,0.01319445,0.01318608,0.0001,0.0001,1768723200000,1768710732001,binance,True
PORTALUSDT,0.02157,0.02151421,0.02157292,5e-05,0.0001,1768723200000,1768710732001,binance,True
MORPHOUSDT,1.31184158,1.31409189,1.31364562,5e-05,0.0001,1768723200000,1768710732001,binance,True
VANRYUSDT,0.00923033,0.00920166,0.00922023,1.58e-06,0.0001,1768723200000,1768710732001,binance,True
DFUSDT,0.01165488,0.0116624,0.01167407,5e-05,0.0001,1768723200000,1768710732001,binance,True
SPELLUSDT,0.00027104,0.00027175,0.00027185,-0.00046376,0.0001,1768723200000,1768710732001,binance,True
IOUSDT,0.1705,0.17095359,0.17369727,-0.00053871,0.0001,1768723200000,1768710732001,binance,True
OCEANUSDT,0.607,0.607,0.00000000,0.0,0.0001,1768723200000,1768710732001,binance,True
FILUSDC,1.52502038,1.52647722,1.52786695,9.684e-05,0.0001,1768723200000,1768710732001,binance,True
FOLKSUSDT,3.422,3.41876263,3.41940873,5e-05,0.0001,1768723200000,1768710732001,binance,True
PENGUUSDT,0.01166524,0.01167686,0.01169790,-5.29e-06,0.0001,1768723200000,1768710732001,binance,True
LITUSDT,1.91712533,1.91724,1.91955916,5e-05,0.0001,1768723200000,1768710732001,binance,True
1MBABYDOGEUSDT,0.0006676,0.00066842,0.00066958,-6.975e-05,0.0001,1768723200000,1768710732001,binance,True
PHBUSDT,0.28307865,0.28295168,0.28306255,0.0001,0.0001,1768723200000,1768710732001,binance,True
STPTUSDT,0.07024,0.07024,0.00000000,0.0,0.0,0,1768710732001,binance,True
NEIROETHUSDT,0.003048,0.003048,0.00000000,0.0,0.0,0,1768710732001,binance,True
STMXUSDT,0.00011263,0.00011263,0.00000000,0.0,0.0001,1768723200000,1768710732001,binance,True
ZORAUSDT,0.03557205,0.03562479,0.03564774,2.79e-05,0.0001,1768723200000,1768710732001,binance,True
CTKUSDT,0.2680222,0.26895645,0.26894442,3.772e-05,0.0001,1768723200000,1768710732001,binance,True
UAIUSDT,0.19525384,0.19500657,0.19462979,5e-05,0.0001,1768723200000,1768710732001,binance,True
ATHUSDT,0.00993,0.00995514,0.00996197,-0.00014112,0.0001,1768723200000,1768710732001,binance,True
PEOPLEUSDT,0.01061797,0.01061751,0.01062837,0.0001,0.0001,1768723200000,1768710732001,binance,True
JTOUSDT,0.3952,0.39584798,0.39687168,-0.00023907,0.0001,1768723200000,1768710732001,binance,True
TRUMPUSDC,5.2650933,5.27203082,5.27947389,-0.00013678,0.0001,1768723200000,1768710732001,binance,True
KLAYUSDT,0.15211,0.15211,0.00000000,0.0,0.0001,1768723200000,1768710732001,binance,True
RDNTUSDT,0.01001,0.01003751,0.01006017,-3.65e-06,0.0001,1768723200000,1768710732001,binance,True
DOGEUSDC,0.1370985,0.13719046,0.13723321,8.541e-05,0.0001,1768723200000,1768710732001,binance,True
AERGOUSDT,0.06229,0.06246421,0.06257208,5e-05,0.0001,1768723200000,1768710732001,binance,True
TLMUSDT,0.002498,0.00249997,0.00249795,0.0001,0.0001,1768723200000,1768710732001,binance,True
SAPIENUSDT,0.13679,0.13707483,0.13717551,5e-05,0.0001,1768723200000,1768710732001,binance,True
ALPHAUSDT,0.01566911,0.01566911,0.00000000,0.0,0.0001,1768723200000,1768710732001,binance,True
BELUSDT,0.139,0.13918898,0.13922712,0.0001,0.0001,1768723200000,1768710732001,binance,True
BNBUSDT,948.75684017,948.25302652,949.01417854,0.0,0.0,1768723200000,1768710732001,binance,True
POLYXUSDT,0.06538633,0.06557429,0.06554247,-0.00013764,0.0001,1768723200000,1768710732001,binance,True
MEMEFIUSDT,0.0015478,0.0015478,0.00000000,0.0,0.0001,1768723200000,1768710732001,binance,True
DASHUSDT,72.34064944,72.3754935,72.78626055,-9.015e-05,0.0001,1768723200000,1768710732001,binance,True
XVGUSDT,0.007122,0.00713303,0.00714325,3.436e-05,0.0001,1768723200000,1768710732001,binance,True
STORJUSDT,0.1439,0.14418438,0.14437043,-0.00014076,0.0001,1768723200000,1768710732001,binance,True
AVAXUSDC,13.63,13.64649216,13.65658734,-0.00016549,0.0001,1768723200000,1768710732001,binance,True
PIPPINUSDT,0.31785191,0.31884205,0.31793960,-0.00016114,0.0001,1768712400000,1768710732001,binance,True
LOKAUSDT,0.15348159,0.15348159,0.00000000,0.0,0.0,0,1768710732001,binance,True
ONDOUSDT,0.3839,0.38411125,0.38430925,9.81e-06,0.0001,1768723200000,1768710732001,binance,True
SONICUSDT,0.07388,0.07417891,0.07432336,-0.000327,0.0001,1768723200000,1768710732001,binance,True
EDUUSDT,0.16057624,0.16056929,0.16197964,0.0001,0.0001,1768723200000,1768710732001,binance,True
SUPERUSDT,0.22267182,0.22304919,0.22386481,-0.00023052,0.0001,1768723200000,1768710732001,binance,True
FLUXUSDT,0.1152,0.1153629,0.11502475,-3.275e-05,0.0001,1768723200000,1768710732001,binance,True
NILUSDT,0.07509023,0.07512043,0.07526758,5e-05,0.0001,1768723200000,1768710732001,binance,True
1000PEPEUSDC,0.0057806,0.00578386,0.00579270,-1.905e-05,0.0001,1768723200000,1768710732001,binance,True
ROSEUSDT,0.0138,0.01380613,0.01377576,0.0001,0.0001,1768723200000,1768710732001,binance,True
COMPUSDT,26.63364784,26.66822015,26.68012943,4.515e-05,0.0001,1768723200000,1768710732001,binance,True
METISUSDT,5.72897611,5.73191151,5.75796581,1.402e-05,0.0001,1768723200000,1768710732001,binance,True
MYROUSDT,0.00574428,0.00564782,0.00000000,0.0,0.0001,1768723200000,1768710732001,binance,True
UNIUSDC,5.312,5.31919161,5.32357526,2.61e-06,0.0001,1768723200000,1768710732001,binance,True
ALPACAUSDT,0.01882,0.01882,0.00000000,0.0,0.0001,1768712400000,1768710732001,binance,True
BCHUSDC,593.48,594.00260989,594.49998150,-1.698e-05,0.0001,1768723200000,1768710732001,binance,True
XLMUSDT,0.22824,0.22847527,0.22863980,6.007e-05,0.0001,1768723200000,1768710732001,binance,True
4USDT,0.02622365,0.02619039,0.02627496,5e-05,0.0001,1768723200000,1768710732001,binance,True
SAGAUSDT,0.0609,0.06093343,0.06101816,5e-05,0.0001,1768723200000,1768710732001,binance,True
ALCHUSDT,0.14556805,0.14541286,0.14541824,5e-05,0.0001,1768723200000,1768710732001,binance,True
BARDUSDT,0.7443,0.74478,0.74595989,5e-05,0.0001,1768723200000,1768710732001,binance,True
MEMEUSDT,0.001119,0.00112127,0.00112167,-0.00014301,0.0001,1768723200000,1768710732001,binance,True
SUSDT,0.07978,0.07983079,0.08004350,-0.00018371,0.0001,1768723200000,1768710732001,binance,True
COMBOUSDT,0.004801,0.004801,0.00000000,0.0,0.0001,1768723200000,1768710732001,binance,True
ENAUSDC,0.2173,0.21756124,0.21787763,-1.913e-05,0.0001,1768723200000,1768710732001,binance,True
NEARUSDC,1.714,1.71569377,1.71672724,0.0001,0.0001,1768723200000,1768710732001,binance,True
MAGMAUSDT,0.11516,0.11512406,0.11557179,5e-05,0.0001,1768723200000,1768710732001,binance,True
AGIXUSDT,0.4962,0.4962,0.00000000,0.0,0.0001,1768723200000,1768710732001,binance,True
CELRUSDT,0.00424,0.00424691,0.00425392,0.0001,0.0001,1768723200000,1768710732001,binance,True
MEWUSDT,0.00110353,0.00110349,0.00109663,5e-05,0.0001,1768723200000,1768710732001,binance,True
NEARUSDT,1.71403,1.71542266,1.71703277,-4.382e-05,0.0001,1768723200000,1768710732001,binance,True
CTSIUSDT,0.0372,0.03723732,0.03722771,0.0001,0.0001,1768723200000,1768710732001,binance,True
ZENUSDT,11.297,11.30296875,11.38071965,3.456e-05,0.0001,1768723200000,1768710732001,binance,True
ETCUSDT,12.73702072,12.75278108,12.76835494,-4.43e-06,0.0001,1768723200000,1768710732001,binance,True
BRETTUSDT,0.01624293,0.01627364,0.01628386,5e-05,0.0001,1768723200000,1768710732001,binance,True
ASTERUSDT,0.71480944,0.71517333,0.71550781,5e-05,0.0001,1768723200000,1768710732001,binance,True
TOSHIUSDT,0.0003222,0.00032239,0.00032245,5e-05,0.0001,1768723200000,1768710732001,binance,True
WIFUSDC,0.3738,0.37412158,0.37491774,-9.71e-06,0.0001,1768723200000,1768710732001,binance,True
TRXUSDT,0.31903186,0.31926118,0.31958418,9.189e-05,0.0001,1768723200000,1768710732001,binance,True
ETHFIUSDC,0.73,0.73146503,0.73003926,5e-05,0.0001,1768723200000,1768710732001,binance,True
KAITOUSDC,0.5198,0.52195495,0.52177767,-0.00073146,0.0001,1768723200000,1768710732001,binance,True
POLUSDT,0.14297928,0.143109,0.14322647,2.62e-05,0.0001,1768723200000,1768710732001,binance,True
APTUSDT,1.8181,1.81923,1.82568825,6.383e-05,0.0001,1768723200000,1768710732001,binance,True
LABUSDT,0.1654387,0.16486101,0.16364225,0.00017442,0.0001,1768723200000,1768710732001,binance,True
42USDT,0.04496867,0.04481563,0.04475451,5e-05,0.0001,1768723200000,1768710732001,binance,True
NXPCUSDT,0.38583073,0.3863021,0.38644453,5e-05,0.0001,1768723200000,1768710732001,binance,True
JSTUSDT,0.0402085,0.04030464,0.04033061,-9.032e-05,0.0001,1768723200000,1768710732001,binance,True
TONUSDT,1.7122,1.7131384,1.71472716,-8.125e-05,0.0001,1768723200000,1768710732001,binance,True
GPSUSDT,0.006129,0.00613709,0.00610447,-0.00010297,0.0001,1768723200000,1768710732001,binance,True
ONTUSDT,0.0656,0.06568876,0.06570966,1.481e-05,0.0001,1768723200000,1768710732001,binance,True
VIDTUSDT,0.0003276,0.0003276,0.00000000,0.0,0.0,0,1768710732001,binance,True
1000LUNCUSDT,0.04176,0.04179613,0.04181426,-0.00029747,0.0001,1768723200000,1768710732001,binance,True
AINUSDT,0.05184,0.0517699,0.05180468,0.00017871,0.0001,1768723200000,1768710732001,binance,True
GRASSUSDT,0.31517083,0.31525,0.31420233,5e-05,0.0001,1768723200000,1768710732001,binance,True
MOCAUSDT,0.02434633,0.02437,0.02434276,5e-05,0.0001,1768723200000,1768710732001,binance,True
HANAUSDT,0.01156618,0.01155143,0.01156036,5e-05,0.0001,1768723200000,1768710732001,binance,True
XEMUSDT,0.001786,0.001786,0.00000000,0.0,0.0001,1768723200000,1768710732001,binance,True
ZROUSDT,1.7202,1.7223558,1.72263961,-5.491e-05,0.0001,1768723200000,1768710732001,binance,True
BTCDOMUSDT,4563.3,4560.08577423,4559.47347571,0.0001,0.0001,1768723200000,1768710732001,binance,True
AI16ZUSDT,0.0569,0.0569,0.00000000,0.0,0.0001,1768723200000,1768710732001,binance,True
MELANIAUSDT,0.16642525,0.16675875,0.16676893,-4.134e-05,0.0001,1768723200000,1768710732001,binance,True
DENTUSDT,0.0002215,0.00022203,0.00022196,-5.289e-05,0.0001,1768723200000,1768710732001,binance,True
1000000MOGUSDT,0.2962,0.29678182,0.29700383,4.769e-05,0.0001,1768723200000,1768710732001,binance,True
SFPUSDT,0.37025188,0.37088438,0.37083694,0.0001,0.0001,1768723200000,1768710732001,binance,True
GOATUSDT,0.036985,0.03701357,0.03703028,5e-05,0.0001,1768723200000,1768710732001,binance,True
BADGERUSDT,0.89344286,0.89344286,0.00000000,0.0,0.0001,1768723200000,1768710732001,binance,True
COAIUSDT,0.4328,0.43169074,0.43242930,5e-05,0.0001,1768723200000,1768710732001,binance,True
EULUSDT,2.16946667,2.17355556,2.17326237,5e-05,0.0001,1768723200000,1768710732001,binance,True
OMUSDT,0.07519568,0.07531813,0.07541375,-3.24e-05,0.0001,1768723200000,1768710732001,binance,True
ATUSDT,0.16795,0.16804545,0.16817658,5e-05,0.0001,1768723200000,1768710732001,binance,True
GRIFFAINUSDT,0.018535,0.01853775,0.01858765,5e-05,0.0001,1768723200000,1768710732001,binance,True
BTCUSDT_260626,97206.75723333,95092.27325,95140.12123019,0.0,0.0,0,1768710732001,binance,True
RECALLUSDT,0.0925,0.0925005,0.09251988,5e-05,0.0001,1768723200000,1768710732001,binance,True
CVCUSDT,0.04714,0.04728429,0.04731147,3.198e-05,0.0001,1768723200000,1768710732001,binance,True
EVAAUSDT,0.9463,0.94216443,0.94231290,5e-05,0.0001,1768723200000,1768710732001,binance,True
TAGUSDT,0.00041935,0.00041814,0.00041808,5e-05,0.0001,1768723200000,1768710732001,binance,True
SYNUSDT,0.06339,0.06339793,0.06357942,5e-05,0.0001,1768723200000,1768710732001,binance,True
SUIUSDC,1.77548397,1.77690063,1.77989450,5.687e-05,0.0001,1768723200000,1768710732001,binance,True
ONGUSDT,0.09055,0.09057452,0.09075488,5e-05,0.0001,1768723200000,1768710732001,binance,True
BCHUSDT,593.60400657,594.06604435,594.59028754,-8.062e-05,0.0001,1768723200000,1768710732001,binance,True
MBOXUSDT,0.03311665,0.03311279,0.03316197,4.452e-05,0.0001,1768723200000,1768710732001,binance,True
NTRNUSDT,0.02700318,0.02699263,0.02703296,-1.7e-07,0.0001,1768723200000,1768710732001,binance,True
LYNUSDT,0.07866727,0.07869132,0.07860168,5e-05,0.0001,1768723200000,1768710732001,binance,True
REDUSDT,0.2483,0.24861734,0.24881328,2.85e-06,0.0001,1768723200000,1768710732001,binance,True
BREVUSDT,0.30805722,0.30893077,0.30948627,-0.00057127,0.0001,1768723200000,1768710732001,binance,True
PONKEUSDT,0.05353582,0.05410182,0.00000000,0.0,0.0001,1768723200000,1768710732001,binance,True
CFXUSDT,0.07865,0.07873324,0.07872537,6.375e-05,0.0001,1768723200000,1768710732001,binance,True
RUNEUSDT,0.66113482,0.66214708,0.66261688,7.878e-05,0.0001,1768723200000,1768710732001,binance,True
BNBBTC,0.00997215,0.00997215,0.00997477,0.0,0.0,1768723200000,1768710732001,binance,True
1000FLOKIUSDT,0.04893,0.04899825,0.04902567,-1.723e-05,0.0001,1768723200000,1768710732001,binance,True
B3USDT,0.00097001,0.00096996,0.00097063,5e-05,0.0001,1768723200000,1768710732001,binance,True
NEOUSDC,4.014,4.01814414,4.01195392,0.0001,0.0001,1768723200000,1768710732001,binance,True
STRAXUSDT,0.02207143,0.02208286,0.00000000,0.0,0.0001,1768723200000,1768710732001,binance,True
MOODENGUSDT,0.07659543,0.0767549,0.07666744,-1.801e-05,0.0001,1768723200000,1768710732001,binance,True
A2ZUSDT,0.00159178,0.00159504,0.00159723,5e-05,0.0001,1768723200000,1768710732001,binance,True
RENDERUSDT,2.17724677,2.17871875,2.17895866,-1.561e-05,0.0001,1768723200000,1768710732001,binance,True
PARTIUSDT,0.0980621,0.09804786,0.09900087,5e-05,0.0001,1768723200000,1768710732001,binance,True
NMRUSDT,10.344,10.35933403,10.36490268,5e-05,0.0001,1768723200000,1768710732001,binance,True
ICXUSDT,0.05924889,0.05937257,0.05934202,0.0001,0.0001,1768723200000,1768710732001,binance,True
HIGHUSDT,0.2332,0.23384715,0.23294907,0.0001,0.0001,1768723200000,1768710732001,binance,True
BIOUSDC,0.04432,0.04432417,0.04451154,-5.7e-06,0.0001,1768723200000,1768710732001,binance,True
WETUSDT,0.12626,0.12635337,0.12637720,5e-05,0.0001,1768723200000,1768710732001,binance,True
LAYERUSDT,0.15964394,0.15994843,0.16005798,-0.00028661,0.0001,1768723200000,1768710732001,binance,True
DEXEUSDT,3.24968333,3.25579643,3.25813842,5e-05,0.0001,1768723200000,1768710732001,binance,True
NEWTUSDT,0.10421729,0.10444312,0.10449264,5e-05,0.0001,1768723200000,1768710732001,binance,True
XNYUSDT,0.00332357,0.00331765,0.00331985,5e-05,0.0001,1768723200000,1768710732001,binance,True
UBUSDT,0.0370258,0.03682051,0.03677229,0.00054905,0.0001,1768723200000,1768710732001,binance,True
PROMUSDT,3.64585952,3.64789286,3.60736867,-0.001345,0.0001,1768723200000,1768710732001,binance,True
KDAUSDT,0.00576382,0.00576382,0.00000000,0.0,0.0001,1768723200000,1768710732001,binance,True
IRUSDT,0.07917887,0.07917544,0.07979453,5e-05,0.0001,1768723200000,1768710732001,binance,True
ZAMAUSDT,0.073916,0.073916,0.00000000,5e-05,0.0001,1768723200000,1768710732001,binance,True
ACTUSDT,0.02547057,0.0255075,0.02555949,5e-05,0.0001,1768723200000,1768710732001,binance,True
MONUSDT,0.02203439,0.0220231,0.02203149,5e-05,0.0001,1768723200000,1768710732001,binance,True
JELLYJELLYUSDT,0.06317,0.06325936,0.06342983,5e-05,0.0001,1768723200000,1768710732001,binance,True
ONUSDT,0.10804,0.10755082,0.10770159,5e-05,0.0001,1768723200000,1768710732001,binance,True
ZKPUSDT,0.12249796,0.12327529,0.12318921,-0.00196147,0.0001,1768723200000,1768710732001,binance,True
OMNIUSDT,3.8795849,3.8795849,0.00000000,0.0,0.0001,1768723200000,1768710732001,binance,True
ARBUSDC,0.2134,0.21359698,0.21440398,1.155e-05,0.0001,1768723200000,1768710732001,binance,True
1000BONKUSDC,0.010317,0.01033547,0.01034547,-9.353e-05,0.0001,1768723200000,1768710732001,binance,True
MYXUSDT,5.08,5.07841928,5.08726870,5e-05,0.0001,1768723200000,1768710732001,binance,True
HFTUSDT,0.03410576,0.03416643,0.03345504,2.152e-05,0.0001,1768723200000,1768710732001,binance,True
TIAUSDC,0.565186,0.56617527,0.56663905,-4.406e-05,0.0001,1768723200000,1768710732001,binance,True
LINAUSDT,0.0001153,0.0001153,0.00000000,0.0,0.0001,1768723200000,1768710732001,binance,True
ATOMUSDT,2.529,2.532,2.53259341,-0.00028583,0.0001,1768723200000,1768710732001,binance,True
INUSDT,0.06781725,0.06811621,0.06818955,-7.412e-05,0.0001,1768723200000,1768710732001,binance,True
SXTUSDT,0.02772934,0.02780484,0.02778155,3.315e-05,0.0001,1768723200000,1768710732001,binance,True
CATIUSDT,0.06040087,0.06045453,0.06038776,5e-05,0.0001,1768723200000,1768710732001,binance,True
ERAUSDT,0.227,0.22723978,0.22793641,5e-05,0.0001,1768723200000,1768710732001,binance,True
UMAUSDT,0.7773,0.77852162,0.77833453,4.014e-05,0.0001,1768723200000,1768710732001,binance,True
TIAUSDT,0.56547269,0.56595205,0.56669881,-1.721e-05,0.0001,1768723200000,1768710732001,binance,True
JOEUSDT,0.06345,0.06364438,0.06365384,-0.00018059,0.0001,1768723200000,1768710732001,binance,True
AIXBTUSDT,0.03329246,0.03330714,0.03331340,-4.301e-05,0.0001,1768723200000,1768710732001,binance,True
GHSTUSDT,0.1823,0.18294412,0.18282667,-9.258e-05,0.0001,1768723200000,1768710732001,binance,True
FTTUSDT,0.51885976,0.51856765,0.00000000,0.0,0.0001,1768723200000,1768710732001,binance,True
CKBUSDT,0.002684,0.0026863,0.00268955,6.47e-05,0.0001,1768723200000,1768710732001,binance,True
币安人生USDT,0.23545,0.23528593,0.23646567,5e-05,0.0001,1768723200000,1768710732001,binance,True
QNTUSDT,80.05588944,80.13163242,80.46348105,0.0001,0.0001,1768723200000,1768710732001,binance,True
PUMPBTCUSDT,0.027723,0.0275875,0.02758601,0.00030105,0.0001,1768723200000,1768710732001,binance,True
UNFIUSDT,0.71931,0.71931,0.00000000,0.0,0.0001,1768723200000,1768710732001,binance,True
AVAUSDT,0.36176989,0.3622372,0.36237750,5e-05,0.0001,1768723200000,1768710732001,binance,True
STEEMUSDT,0.07019618,0.0703791,0.07038044,5e-05,0.0001,1768723200000,1768710732001,binance,True
VVVUSDT,2.98111954,2.9861286,2.98563984,-0.0001345,0.0001,1768723200000,1768710732001,binance,True
WUSDT,0.03608206,0.03610862,0.03615765,3.71e-05,0.0001,1768723200000,1768710732001,binance,True
RENUSDT,0.011843,0.011843,0.00000000,0.0,0.0001,1768723200000,1768710732001,binance,True
THETAUSDT,0.3352,0.33519688,0.33628461,0.0001,0.0001,1768723200000,1768710732001,binance,True
UXLINKUSDT,0.0370416,0.0370416,0.00000000,0.0,0.0,0,1768710732001,binance,True
LRCUSDT,0.05292,0.05301853,0.05303908,1.053e-05,0.0001,1768723200000,1768710732001,binance,True
COSUSDT,0.001371,0.00137292,0.00137316,5e-05,0.0001,1768723200000,1768710732001,binance,True
TRUMPUSDT,5.267,5.27267797,5.28043455,-0.00013871,0.0001,1768723200000,1768710732001,binance,True
ZECUSDC,394.03,394.42899609,394.03162384,-0.00010982,0.0001,1768723200000,1768710732001,binance,True
PHAUSDT,0.04046,0.04046707,0.04028581,5e-05,0.0001,1768723200000,1768710732001,binance,True
1000RATSUSDT,0.04703,0.04698357,0.04698306,5e-05,0.0001,1768723200000,1768710732001,binance,True
ORCAUSDT,1.17049585,1.17253728,1.18012198,-5.576e-05,0.0001,1768723200000,1768710732001,binance,True
LUNA2USDT,0.08824667,0.08832243,0.08833342,4.095e-05,0.0001,1768723200000,1768710732001,binance,True
POWRUSDT,0.094325,0.0943856,0.09461366,1.89e-06,0.0001,1768723200000,1768710732001,binance,True
SUIUSDT,1.77590392,1.77753754,1.78020288,-2.5e-05,0.0001,1768723200000,1768710732001,binance,True
HBARUSDC,0.11706,0.11716472,0.11734510,5e-05,0.0001,1768723200000,1768710732001,binance,True
TURBOUSDT,0.0017567,0.00175829,0.00176191,-0.00013521,0.0001,1768723200000,1768710732001,binance,True
SLPUSDT,0.0010233,0.00103025,0.00102537,-0.00096085,0.0001,1768723200000,1768710732001,binance,True
BIGTIMEUSDT,0.0249567,0.02499853,0.02528128,-5.207e-05,0.0001,1768723200000,1768710732001,binance,True
ALGOUSDT,0.12821457,0.1284,0.12852785,-8.076e-05,0.0001,1768723200000,1768710732001,binance,True
ENSUSDT,10.237,10.25154054,10.24285447,-1.483e-05,0.0001,1768723200000,1768710732001,binance,True
DYDXUSDT,0.19350649,0.19393822,0.19402002,0.0001,0.0001,1768723200000,1768710732001,binance,True
VFYUSDT,0.03018825,0.03011529,0.03023326,5e-05,0.0001,1768723200000,1768710732001,binance,True
AUCTIONUSDT,5.507,5.51494097,5.51875391,5e-05,0.0001,1768723200000,1768710732001,binance,True
BERAUSDT,0.99347315,1.00981715,1.00307657,-0.0109914,0.0001,1768723200000,1768710732001,binance,True
SYSUSDT,0.02149,0.02153077,0.02157221,5e-05,0.0001,1768723200000,1768710732001,binance,True
AXSUSDT,2.081,2.11025714,2.09007391,-0.00215054,0.0001,1768712400000,1768710732001,binance,True
GUSDT,0.00479087,0.0047964,0.00479622,5e-05,0.0001,1768723200000,1768710732001,binance,True
FLOCKUSDT,0.088546,0.08858,0.08885983,5e-05,0.0001,1768723200000,1768710732001,binance,True
BUSDT,0.20922582,0.20921676,0.20919616,5e-05,0.0001,1768723200000,1768710732001,binance,True
SIGNUSDT,0.03866428,0.03878254,0.03878117,5e-05,0.0001,1768723200000,1768710732001,binance,True
LSKUSDT,0.2072,0.20777024,0.20776384,-0.00013482,0.0001,1768723200000,1768710732001,binance,True
REZUSDT,0.00518917,0.00519729,0.00520245,1.633e-05,0.0001,1768723200000,1768710732001,binance,True
STABLEUSDT,0.016039,0.01605527,0.01605507,-0.00038743,0.0001,1768723200000,1768710732001,binance,True
PTBUSDT,0.00261985,0.00261773,0.00261497,5e-05,0.0001,1768723200000,1768710732001,binance,True
OLUSDT,0.0224,0.02240659,0.02232211,5e-05,0.0001,1768723200000,1768710732001,binance,True
CARVUSDT,0.11290292,0.11269712,0.11219224,5e-05,0.0001,1768723200000,1768710732001,binance,True
MITOUSDT,0.07426,0.07436568,0.07484287,5e-05,0.0001,1768723200000,1768710732001,binance,True
CHZUSDT,0.06146,0.0615137,0.06169422,-2.548e-05,0.0001,1768723200000,1768710732001,binance,True
ETHBTC,0.03480073,0.03482145,0.03484027,0.0,0.0,1768723200000,1768710732001,binance,True
TANSSIUSDT,0.0114704,0.01144232,0.01136149,5e-05,0.0001,1768723200000,1768710732001,binance,True
XAIUSDT,0.0183,0.01834182,0.01832795,-0.00071044,0.0001,1768723200000,1768710732001,binance,True
ZBTUSDT,0.1026402,0.10279529,0.10293702,-6.855e-05,0.0001,1768723200000,1768710732001,binance,True
ZRXUSDT,0.14611989,0.14660968,0.14644660,-0.00038468,0.0001,1768723200000,1768710732001,binance,True
NOTUSDT,0.00060978,0.00061045,0.00061268,5e-05,0.0001,1768723200000,1768710732001,binance,True
GTCUSDT,0.14611929,0.14612692,0.14613858,0.0001,0.0001,1768723200000,1768710732001,binance,True
DEGENUSDT,0.00129461,0.00129895,0.00130056,5e-05,0.0001,1768723200000,1768710732001,binance,True
SSVUSDT,4.09410543,4.10244602,4.10593913,-5.803e-05,0.0001,1768723200000,1768710732001,binance,True
ORDIUSDT,5.04678334,5.05239528,5.04699674,-7.98e-06,0.0001,1768723200000,1768710732001,binance,True
KAITOUSDT,0.52001598,0.52204412,0.52187386,-0.00089044,0.0001,1768723200000,1768710732001,binance,True
QUICKUSDT,0.01336399,0.01336429,0.00000000,0.0,0.0001,1768723200000,1768710732001,binance,True
FTMUSDT,0.6994,0.6994,0.00000000,0.0,0.0001,1768723200000,1768710732001,binance,True
SCRUSDT,0.08325321,0.08312821,0.08313298,5e-05,0.0001,1768723200000,1768710732001,binance,True
MUBARAKUSDT,0.02134,0.02134939,0.02141231,5e-05,0.0001,1768723200000,1768710732001,binance,True
SLERFUSDT,0.0063205,0.00634506,0.00000000,0.0,0.0001,1768723200000,1768710732001,binance,True
BMTUSDT,0.02546042,0.02549505,0.02550101,5e-05,0.0001,1768723200000,1768710732001,binance,True
WLFIUSDT,0.16708045,0.16720545,0.16726638,4.571e-05,0.0001,1768723200000,1768710732001,binance,True
LIGHTUSDT,0.5647,0.56333752,0.56375863,0.00030525,0.0001,1768723200000,1768710732001,binance,True
BTRUSDT,0.06935866,0.06935566,0.06910466,5e-05,0.0001,1768723200000,1768710732001,binance,True
SUNUSDT,0.02095674,0.02095935,0.02096414,5e-05,0.0001,1768723200000,1768710732001,binance,True
1000XECUSDT,0.01151,0.01153071,0.01154359,0.0001,0.0001,1768723200000,1768710732001,binance,True
GASUSDT,2.088,2.0887915,2.09181786,5e-05,0.0001,1768723200000,1768710732001,binance,True
RPLUSDT,2.22795806,2.2317027,2.23507966,-1.699e-05,0.0001,1768723200000,1768710732001,binance,True
CCUSDT,0.11767,0.1177175,0.11786568,5e-05,0.0001,1768723200000,1768710732001,binance,True
GLMUSDT,0.2607741,0.26177059,0.26352835,-0.00049154,0.0001,1768723200000,1768710732001,binance,True
IDEXUSDT,0.01001988,0.00999943,0.00000000,0.0,0.0001,1768723200000,1768710732001,binance,True
RAYUSDT,1.11535337,1.11548824,0.00000000,0.0,0.0001,1768723200000,1768710732001,binance,True
BANUSDT,0.07505817,0.07500444,0.07479064,7.155e-05,0.0001,1768723200000,1768710732001,binance,True
RAYSOLUSDT,1.1131,1.11548824,1.11535337,2.111e-05,0.0001,1768723200000,1768710732001,binance,True
AVAXUSDT,13.63533242,13.64348677,13.65773108,-0.00011603,0.0001,1768723200000,1768710732001,binance,True
MANAUSDT,0.1608,0.16128934,0.16111199,-0.00087327,0.0001,1768723200000,1768710732001,binance,True
FUNUSDT,0.00193593,0.00193584,0.00193847,5e-05,0.0001,1768723200000,1768710732001,binance,True
KERNELUSDT,0.07463,0.07480817,0.07488623,5e-05,0.0001,1768723200000,1768710732001,binance,True
FISUSDT,0.01964478,0.01964478,0.00000000,0.0,0.0,0,1768710732001,binance,True
NKNUSDT,0.01366,0.01370516,0.01372256,-4.314e-05,0.0001,1768723200000,1768710732001,binance,True
KNCUSDT,0.2356,0.23575938,0.23603800,0.0001,0.0001,1768723200000,1768710732001,binance,True
ONEUSDT,0.00423465,0.00423447,0.00423691,0.0001,0.0001,1768723200000,1768710732001,binance,True
POPCATUSDT,0.09003965,0.09024487,0.09033255,-0.00028336,0.0001,1768723200000,1768710732001,binance,True
SOLUSDC,142.61,142.69631367,142.73066076,-4.726e-05,0.0001,1768723200000,1768710732001,binance,True
