symbol,fundingTime,fundingRate,markPrice,source,type,has_interest,interest_per_interval
BTCUSDT,2025-10-20 08:00:00.001,-6.65e-06,111144.51395652,binance,CEX,True,0.0001
BTCUSDT,2025-10-20 16:00:00.000,-1.8e-07,111079.2,binance,CEX,True,0.0001
BTCUSDT,2025-10-21 00:00:00.009,-5.567e-05,110469.9,binance,CEX,True,0.0001
BTCUSDT,2025-10-21 08:00:00.000,2.222e-05,108040.11896377,binance,CEX,True,0.0001
BTCUSDT,2025-10-21 16:00:00.000,-2.506e-05,113355.3,binance,CEX,True,0.0001
BTCUSDT,2025-10-22 00:00:00.004,-4.212e-05,108256.95482609,binance,CEX,True,0.0001
BTCUSDT,2025-10-22 08:00:00.000,2.445e-05,108285.03557721,binance,CEX,True,0.0001
BTCUSDT,2025-10-22 16:00:00.000,5.702e-05,108375.0050942,binance,CEX,True,0.0001
BTCUSDT,2025-10-23 00:00:00.000,8.911e-05,107532.0,binance,CEX,True,0.0001
BTCUSDT,2025-10-23 08:00:00.001,2.673e-05,109229.9408913,binance,CEX,True,0.0001
BTCUSDT,2025-10-23 16:00:00.004,3.933e-05,109849.0,binance,CEX,True,0.0001
BTCUSDT,2025-10-24 00:00:00.000,3.391e-05,110032.13344928,binance,CEX,True,0.0001
BTCUSDT,2025-10-24 08:00:00.000,1.783e-05,111014.12165942,binance,CEX,True,0.0001
BTCUSDT,2025-10-24 16:00:00.009,3.224e-05,110009.8,binance,CEX,True,0.0001
BTCUSDT,2025-10-25 00:00:00.000,5.02e-05,110965.34494203,binance,CEX,True,0.0001
BTCUSDT,2025-10-25 08:00:00.001,1.484e-05,111445.4,binance,CEX,True,0.0001
BTCUSDT,2025-10-25 16:00:00.001,5.57e-05,111341.17806667,binance,CEX,True,0.0001
BTCUSDT,2025-10-26 00:00:00.001,1.903e-05,111593.3293913,binance,CEX,True,0.0001
BTCUSDT,2025-10-26 08:00:00.001,5.35e-06,111672.9,binance,CEX,True,0.0001
BTCUSDT,2025-10-26 16:00:00.000,6.904e-05,113651.89706522,binance,CEX,True,0.0001
BTCUSDT,2025-10-27 00:00:00.000,0.0001,114505.72468116,binance,CEX,True,0.0001
BTCUSDT,2025-10-27 08:00:00.005,0.0001,115522.4,binance,CEX,True,0.0001
BTCUSDT,2025-10-27 16:00:00.000,7.304e-05,114914.5,binance,CEX,True,0.0001
BTCUSDT,2025-10-28 00:00:00.000,6.059e-05,114064.1,binance,CEX,True,0.0001
BTCUSDT,2025-10-28 08:00:00.000,7.806e-05,114132.8762971,binance,CEX,True,0.0001
BTCUSDT,2025-10-28 16:00:00.004,2.992e-05,114580.1,binance,CEX,True,0.0001
BTCUSDT,2025-10-29 00:00:00.004,-3.2e-07,112841.11893478,binance,CEX,True,0.0001
BTCUSDT,2025-10-29 08:00:00.005,3.588e-05,113512.0,binance,CEX,True,0.0001
BTCUSDT,2025-10-29 16:00:00.000,5.003e-05,111460.6,binance,CEX,True,0.0001
BTCUSDT,2025-10-30 00:00:00.004,1.097e-05,109985.95808696,binance,CEX,True,0.0001
BTCUSDT,2025-10-30 08:00:00.008,3.449e-05,111319.3395942,binance,CEX,True,0.0001
BTCUSDT,2025-10-30 16:00:00.001,3.562e-05,107670.5,binance,CEX,True,0.0001
BTCUSDT,2025-10-31 00:00:00.000,2.13e-06,108263.5,binance,CEX,True,0.0001
BTCUSDT,2025-10-31 08:00:00.008,0.0001,109400.0,binance,CEX,True,0.0001
BTCUSDT,2025-10-31 16:00:00.007,0.0001,110173.78203623,binance,CEX,True,0.0001
BTCUSDT,2025-11-01 00:00:00.001,0.0001,109557.3,binance,CEX,True,0.0001
BTCUSDT,2025-11-01 08:00:00.000,0.0001,110025.3,binance,CEX,True,0.0001
BTCUSDT,2025-11-01 16:00:00.000,9.782e-05,110261.9,binance,CEX,True,0.0001
BTCUSDT,2025-11-02 00:00:00.007,8.2e-05,110051.81800725,binance,CEX,True,0.0001
BTCUSDT,2025-11-02 08:00:00.000,8.15e-05,110846.38874638,binance,CEX,True,0.0001
BTCUSDT,2025-11-02 16:00:00.001,5.635e-05,110066.1,binance,CEX,True,0.0001
BTCUSDT,2025-11-03 00:00:00.000,6.098e-05,110497.99736957,binance,CEX,True,0.0001
BTCUSDT,2025-11-03 08:00:00.010,6.853e-05,107431.0332029,binance,CEX,True,0.0001
BTCUSDT,2025-11-03 16:00:00.000,5.329e-05,105718.8,binance,CEX,True,0.0001
BTCUSDT,2025-11-04 00:00:00.002,0.0001,106544.0,binance,CEX,True,0.0001
BTCUSDT,2025-11-04 08:00:00.004,5.808e-05,104446.13108696,binance,CEX,True,0.0001
BTCUSDT,2025-11-04 16:00:00.000,6.339e-05,103157.2,binance,CEX,True,0.0001
BTCUSDT,2025-11-05 00:00:00.000,7.132e-05,101437.3,binance,CEX,True,0.0001
BTCUSDT,2025-11-05 08:00:00.000,2.831e-05,101946.1,binance,CEX,True,0.0001
BTCUSDT,2025-11-05 16:00:00.004,2.816e-05,103667.8,binance,CEX,True,0.0001
BTCUSDT,2025-11-06 00:00:00.001,3.985e-05,103847.34145652,binance,CEX,True,0.0001
BTCUSDT,2025-11-06 08:00:00.000,7.916e-05,103144.43398551,binance,CEX,True,0.0001
BTCUSDT,2025-11-06 16:00:00.001,4.494e-05,101988.1,binance,CEX,True,0.0001
BTCUSDT,2025-11-07 00:00:00.005,4.705e-05,101305.6,binance,CEX,True,0.0001
BTCUSDT,2025-11-07 08:00:00.003,4.227e-05,101978.8,binance,CEX,True,0.0001
BTCUSDT,2025-11-07 16:00:00.005,8.631e-05,100758.1,binance,CEX,True,0.0001
BTCUSDT,2025-11-08 00:00:00.011,7.776e-05,103305.2,binance,CEX,True,0.0001
BTCUSDT,2025-11-08 08:00:00.015,3.047e-05,102314.6037971,binance,CEX,True,0.0001
BTCUSDT,2025-11-08 16:00:00.001,3.74e-05,101678.1,binance,CEX,True,0.0001
BTCUSDT,2025-11-09 00:00:00.004,-1.64e-05,102269.2,binance,CEX,True,0.0001
BTCUSDT,2025-11-09 08:00:00.000,4.187e-05,101898.2,binance,CEX,True,0.0001
BTCUSDT,2025-11-09 16:00:00.005,8.948e-05,103717.85895652,binance,CEX,True,0.0001
BTCUSDT,2025-11-10 00:00:00.000,8.87e-05,104670.7,binance,CEX,True,0.0001
BTCUSDT,2025-11-10 08:00:00.000,7.355e-05,106421.67538406,binance,CEX,True,0.0001
BTCUSDT,2025-11-10 16:00:00.003,4.979e-05,105018.03477536,binance,CEX,True,0.0001
BTCUSDT,2025-11-11 00:00:00.007,2.818e-05,105966.2,binance,CEX,True,0.0001
BTCUSDT,2025-11-11 08:00:00.000,-2.775e-05,104737.0,binance,CEX,True,0.0001
BTCUSDT,2025-11-11 16:00:00.009,5.823e-05,103421.01242754,binance,CEX,True,0.0001
BTCUSDT,2025-11-12 00:00:00.000,2.462e-05,103007.53711594,binance,CEX,True,0.0001
BTCUSDT,2025-11-12 08:00:00.002,6.87e-06,103070.02844928,binance,CEX,True,0.0001
BTCUSDT,2025-11-12 16:00:00.000,5.786e-05,102156.97811594,binance,CEX,True,0.0001
BTCUSDT,2025-11-13 00:00:00.002,1.077e-05,101605.9,binance,CEX,True,0.0001
BTCUSDT,2025-11-13 08:00:00.000,9.352e-05,103431.0,binance,CEX,True,0.0001
BTCUSDT,2025-11-13 16:00:00.001,7.448e-05,101343.98608696,binance,CEX,True,0.0001
BTCUSDT,2025-11-14 00:00:00.000,8.569e-05,99663.82278986,binance,CEX,True,0.0001
BTCUSDT,2025-11-14 08:00:00.000,9.126e-05,97102.43884783,binance,CEX,True,0.0001
BTCUSDT,2025-11-14 16:00:00.001,9.078e-05,96752.6,binance,CEX,True,0.0001
BTCUSDT,2025-11-15 00:00:00.005,8.507e-05,94544.9,binance,CEX,True,0.0001
BTCUSDT,2025-11-15 08:00:00.000,0.0001,96292.37823188,binance,CEX,True,0.0001
BTCUSDT,2025-11-15 16:00:00.001,5.923e-05,96222.2,binance,CEX,True,0.0001
BTCUSDT,2025-11-16 00:00:00.001,7.745e-05,95560.3,binance,CEX,True,0.0001
BTCUSDT,2025-11-16 08:00:00.000,0.0001,96065.30980435,binance,CEX,True,0.0001
BTCUSDT,2025-11-16 16:00:00.000,7.06e-05,94526.6,binance,CEX,True,0.0001
BTCUSDT,2025-11-17 00:00:00.003,0.0001,94234.43224638,binance,CEX,True,0.0001
BTCUSDT,2025-11-17 08:00:00.003,9.568e-05,95599.53695652,binance,CEX,True,0.0001
BTCUSDT,2025-11-17 16:00:00.000,7.208e-05,93917.48474513,binance,CEX,True,0.0001
BTCUSDT,2025-11-18 00:00:00.002,0.0001,92169.7,binance,CEX,True,0.0001
BTCUSDT,2025-11-18 08:00:00.004,0.0001,90463.52234058,binance,CEX,True,0.0001
BTCUSDT,2025-11-18 16:00:00.000,3.725e-05,92856.83807346,binance,CEX,True,0.0001
BTCUSDT,2025-11-19 00:00:00.000,7.496e-05,92916.9,binance,CEX,True,0.0001
BTCUSDT,2025-11-19 08:00:00.000,5.012e-05,91831.80035507,binance,CEX,True,0.0001
BTCUSDT,2025-11-19 16:00:00.008,3.98e-05,89905.19610145,binance,CEX,True,0.0001
BTCUSDT,2025-11-20 00:00:00.000,4.259e-05,91522.33241304,binance,CEX,True,0.0001
BTCUSDT,2025-11-20 08:00:00.000,0.0001,92268.56732609,binance,CEX,True,0.0001
BTCUSDT,2025-11-20 16:00:00.000,8.999e-05,89845.8,binance,CEX,True,0.0001
BTCUSDT,2025-11-21 00:00:00.001,4.272e-05,86603.55317391,binance,CEX,True,0.0001
BTCUSDT,2025-11-21 08:00:00.000,4.524e-05,84022.8696087,binance,CEX,True,0.0001
BTCUSDT,2025-11-21 16:00:00.001,2.642e-05,82896.5,binance,CEX,True,0.0001
BTCUSDT,2025-11-22 00:00:00.004,1.373e-05,85093.5,binance,CEX,True,0.0001
BTCUSDT,2025-11-22 08:00:00.000,6.735e-05,84537.3,binance,CEX,True,0.0001
BTCUSDT,2025-11-22 16:00:00.000,5.057e-05,84241.49595652,binance,CEX,True,0.0001
BTCUSDT,2025-11-23 00:00:00.000,3.812e-05,84691.12791304,binance,CEX,True,0.0001
BTCUSDT,2025-11-23 08:00:00.008,1.53e-06,85745.86332609,binance,CEX,True,0.0001
BTCUSDT,2025-11-23 16:00:00.003,-8.93e-06,87043.56694928,binance,CEX,True,0.0001
BTCUSDT,2025-11-24 00:00:00.004,-6e-08,86807.6,binance,CEX,True,0.0001
BTCUSDT,2025-11-24 08:00:00.000,-1.34e-06,87004.6,binance,CEX,True,0.0001
BTCUSDT,2025-11-24 16:00:00.006,5.044e-05,86571.90668116,binance,CEX,True,0.0001
BTCUSDT,2025-11-25 00:00:00.000,-5.29e-05,88247.84814093,binance,CEX,True,0.0001
BTCUSDT,2025-11-25 08:00:00.009,1.996e-05,87362.2,binance,CEX,True,0.0001
BTCUSDT,2025-11-25 16:00:00.007,-3.019e-05,86946.5,binance,CEX,True,0.0001
BTCUSDT,2025-11-26 00:00:00.001,4.038e-05,87324.1,binance,CEX,True,0.0001
BTCUSDT,2025-11-26 08:00:00.001,5.388e-05,87897.61326087,binance,CEX,True,0.0001
BTCUSDT,2025-11-26 16:00:00.000,-4.19e-06,86926.52760145,binance,CEX,True,0.0001
BTCUSDT,2025-11-27 00:00:00.013,-2.599e-05,90440.1,binance,CEX,True,0.0001
BTCUSDT,2025-11-27 08:00:00.000,2.408e-05,91362.62505797,binance,CEX,True,0.0001
BTCUSDT,2025-11-27 16:00:00.004,4.624e-05,90913.0,binance,CEX,True,0.0001
BTCUSDT,2025-11-28 00:00:00.008,1.771e-05,91292.57118441,binance,CEX,True,0.0001
BTCUSDT,2025-11-28 08:00:00.000,6.007e-05,90877.6,binance,CEX,True,0.0001
BTCUSDT,2025-11-28 16:00:00.008,-1.703e-05,92310.6888081,binance,CEX,True,0.0001
BTCUSDT,2025-11-29 00:00:00.000,-1.982e-05,90847.8,binance,CEX,True,0.0001
BTCUSDT,2025-11-29 08:00:00.005,1.778e-05,90523.5,binance,CEX,True,0.0001
BTCUSDT,2025-11-29 16:00:00.001,2.635e-05,91029.9,binance,CEX,True,0.0001
BTCUSDT,2025-11-30 00:00:00.003,6.082e-05,90765.0,binance,CEX,True,0.0001
BTCUSDT,2025-11-30 08:00:00.000,3.556e-05,90924.6,binance,CEX,True,0.0001
BTCUSDT,2025-11-30 16:00:00.004,3.88e-05,91411.4,binance,CEX,True,0.0001
BTCUSDT,2025-12-01 00:00:00.000,3.593e-05,90327.18313043,binance,CEX,True,0.0001
BTCUSDT,2025-12-01 08:00:00.004,3.153e-05,86498.90961019,binance,CEX,True,0.0001
BTCUSDT,2025-12-01 16:00:00.000,1.491e-05,84650.79218841,binance,CEX,True,0.0001
BTCUSDT,2025-12-02 00:00:00.004,-1.009e-05,86251.64706522,binance,CEX,True,0.0001
BTCUSDT,2025-12-02 08:00:00.000,2.643e-05,86967.63789167,binance,CEX,True,0.0001
BTCUSDT,2025-12-02 16:00:00.000,3.999e-05,90816.8987029,binance,CEX,True,0.0001
BTCUSDT,2025-12-03 00:00:00.000,-1.732e-05,91249.1,binance,CEX,True,0.0001
BTCUSDT,2025-12-03 08:00:00.000,4.206e-05,92970.0,binance,CEX,True,0.0001
BTCUSDT,2025-12-03 16:00:00.005,-8.85e-06,92333.85671014,binance,CEX,True,0.0001
BTCUSDT,2025-12-04 00:00:00.012,-3.95e-06,93381.85158696,binance,CEX,True,0.0001
BTCUSDT,2025-12-04 08:00:00.000,7.435e-05,93361.06881884,binance,CEX,True,0.0001
BTCUSDT,2025-12-04 16:00:00.011,3.928e-05,92945.25542029,binance,CEX,True,0.0001
BTCUSDT,2025-12-05 00:00:00.000,4.837e-05,92036.81684783,binance,CEX,True,0.0001
BTCUSDT,2025-12-05 08:00:00.000,4.944e-05,92219.3,binance,CEX,True,0.0001
BTCUSDT,2025-12-05 16:00:00.010,3.91e-06,90414.1392971,binance,CEX,True,0.0001
BTCUSDT,2025-12-06 00:00:00.001,3.693e-05,89288.87393478,binance,CEX,True,0.0001
BTCUSDT,2025-12-06 08:00:00.001,1.919e-05,89549.6,binance,CEX,True,0.0001
BTCUSDT,2025-12-06 16:00:00.008,-1.822e-05,89713.4,binance,CEX,True,0.0001
BTCUSDT,2025-12-07 00:00:00.000,4.192e-05,89190.2,binance,CEX,True,0.0001
BTCUSDT,2025-12-07 08:00:00.004,1.666e-05,89337.94880435,binance,CEX,True,0.0001
BTCUSDT,2025-12-07 16:00:00.000,5.212e-05,89509.46367391,binance,CEX,True,0.0001
BTCUSDT,2025-12-08 00:00:00.000,-5.39e-06,90347.07469565,binance,CEX,True,0.0001
BTCUSDT,2025-12-08 08:00:00.000,6.545e-05,91519.8,binance,CEX,True,0.0001
BTCUSDT,2025-12-08 16:00:00.001,3.395e-05,89921.35480435,binance,CEX,True,0.0001
BTCUSDT,2025-12-09 00:00:00.001,8.52e-06,90610.7,binance,CEX,True,0.0001
BTCUSDT,2025-12-09 08:00:00.001,6.379e-05,90437.5,binance,CEX,True,0.0001
BTCUSDT,2025-12-09 16:00:00.007,5.443e-05,92667.54021739,binance,CEX,True,0.0001
BTCUSDT,2025-12-10 00:00:00.007,2.777e-05,92638.3,binance,CEX,True,0.0001
BTCUSDT,2025-12-10 08:00:00.002,1.996e-05,92744.7,binance,CEX,True,0.0001
BTCUSDT,2025-12-10 16:00:00.012,3.205e-05,92029.50025362,binance,CEX,True,0.0001
BTCUSDT,2025-12-11 00:00:00.001,2.59e-05,91981.25991304,binance,CEX,True,0.0001
BTCUSDT,2025-12-11 08:00:00.000,-1.577e-05,90231.4,binance,CEX,True,0.0001
BTCUSDT,2025-12-11 16:00:00.000,6.1e-05,89838.70794203,binance,CEX,True,0.0001
BTCUSDT,2025-12-12 00:00:00.005,6.914e-05,92479.8,binance,CEX,True,0.0001
BTCUSDT,2025-12-12 08:00:00.007,4.698e-05,92392.37302174,binance,CEX,True,0.0001
BTCUSDT,2025-12-12 16:00:00.002,3.383e-05,89905.2817029,binance,CEX,True,0.0001
BTCUSDT,2025-12-13 00:00:00.001,1.21e-06,90229.7,binance,CEX,True,0.0001
BTCUSDT,2025-12-13 08:00:00.006,6.02e-05,90282.74673913,binance,CEX,True,0.0001
BTCUSDT,2025-12-13 16:00:00.000,6.041e-05,90055.4,binance,CEX,True,0.0001
BTCUSDT,2025-12-14 00:00:00.000,0.0001,90197.0,binance,CEX,True,0.0001
BTCUSDT,2025-12-14 08:00:00.003,2.898e-05,90205.0,binance,CEX,True,0.0001
BTCUSDT,2025-12-14 16:00:00.005,3.773e-05,88985.2,binance,CEX,True,0.0001
BTCUSDT,2025-12-15 00:00:00.000,1.9e-06,88108.1,binance,CEX,True,0.0001
BTCUSDT,2025-12-15 08:00:00.000,-8.93e-06,89703.0,binance,CEX,True,0.0001
BTCUSDT,2025-12-15 16:00:00.000,3.081e-05,86995.88862819,binance,CEX,True,0.0001
BTCUSDT,2025-12-16 00:00:00.002,7.467e-05,86389.99156522,binance,CEX,True,0.0001
BTCUSDT,2025-12-16 08:00:00.000,1.35e-05,85964.2,binance,CEX,True,0.0001
BTCUSDT,2025-12-16 16:00:00.002,4.089e-05,87940.4,binance,CEX,True,0.0001
BTCUSDT,2025-12-17 00:00:00.004,6.221e-05,87826.3,binance,CEX,True,0.0001
BTCUSDT,2025-12-17 08:00:00.000,8.987e-05,87010.4,binance,CEX,True,0.0001
BTCUSDT,2025-12-17 16:00:00.000,5.917e-05,87198.3,binance,CEX,True,0.0001
BTCUSDT,2025-12-18 00:00:00.005,6.23e-05,86206.73265942,binance,CEX,True,0.0001
BTCUSDT,2025-12-18 08:00:00.007,-8.67e-06,86787.5,binance,CEX,True,0.0001
BTCUSDT,2025-12-18 16:00:00.001,8.355e-05,88487.0,binance,CEX,True,0.0001
BTCUSDT,2025-12-19 00:00:00.000,5.491e-05,85473.7159058,binance,CEX,True,0.0001
BTCUSDT,2025-12-19 08:00:00.001,0.0001,87913.9,binance,CEX,True,0.0001
BTCUSDT,2025-12-19 16:00:00.000,0.0001,87936.1810045,binance,CEX,True,0.0001
BTCUSDT,2025-12-20 00:00:00.005,0.0001,88100.0531087,binance,CEX,True,0.0001
BTCUSDT,2025-12-20 08:00:00.000,1.234e-05,88239.9,binance,CEX,True,0.0001
BTCUSDT,2025-12-20 16:00:00.002,7.171e-05,88134.6,binance,CEX,True,0.0001
BTCUSDT,2025-12-21 00:00:00.000,9.682e-05,88320.8,binance,CEX,True,0.0001
BTCUSDT,2025-12-21 08:00:00.009,8.873e-05,88141.4479058,binance,CEX,True,0.0001
BTCUSDT,2025-12-21 16:00:00.000,3.977e-05,88024.7,binance,CEX,True,0.0001
BTCUSDT,2025-12-22 00:00:00.000,4.389e-05,88621.3,binance,CEX,True,0.0001
BTCUSDT,2025-12-22 08:00:00.005,4.524e-05,89132.4210942,binance,CEX,True,0.0001
BTCUSDT,2025-12-22 16:00:00.009,6.654e-05,89688.5,binance,CEX,True,0.0001
BTCUSDT,2025-12-23 00:00:00.000,2.633e-05,88579.9,binance,CEX,True,0.0001
BTCUSDT,2025-12-23 08:00:00.000,5.231e-05,87531.60234783,binance,CEX,True,0.0001
BTCUSDT,2025-12-23 16:00:00.001,1.795e-05,87407.18552899,binance,CEX,True,0.0001
BTCUSDT,2025-12-24 00:00:00.001,0.0001,87463.0,binance,CEX,True,0.0001
BTCUSDT,2025-12-24 08:00:00.001,8.455e-05,86866.4,binance,CEX,True,0.0001
BTCUSDT,2025-12-24 16:00:00.000,5.927e-05,87017.48463043,binance,CEX,True,0.0001
BTCUSDT,2025-12-25 00:00:00.000,5.953e-05,87627.3,binance,CEX,True,0.0001
BTCUSDT,2025-12-25 08:00:00.001,7.953e-05,87795.9,binance,CEX,True,0.0001
BTCUSDT,2025-12-25 16:00:00.005,8.322e-05,88327.2,binance,CEX,True,0.0001
BTCUSDT,2025-12-26 00:00:00.004,4.378e-05,87185.69548551,binance,CEX,True,0.0001
BTCUSDT,2025-12-26 08:00:00.001,5.427e-05,88433.0,binance,CEX,True,0.0001
BTCUSDT,2025-12-26 16:00:00.007,0.0001,87100.0,binance,CEX,True,0.0001
BTCUSDT,2025-12-27 00:00:00.000,1.809e-05,87330.0667084,binance,CEX,True,0.0001
BTCUSDT,2025-12-27 08:00:00.000,2.788e-05,87490.9,binance,CEX,True,0.0001
BTCUSDT,2025-12-27 16:00:00.011,5.85e-05,87510.2,binance,CEX,True,0.0001
BTCUSDT,2025-12-28 00:00:00.008,-3.6e-07,87831.96938406,binance,CEX,True,0.0001
BTCUSDT,2025-12-28 08:00:00.000,7.955e-05,87697.84224167,binance,CEX,True,0.0001
BTCUSDT,2025-12-28 16:00:00.000,9.464e-05,87797.6,binance,CEX,True,0.0001
BTCUSDT,2025-12-29 00:00:00.016,0.0001,87920.5,binance,CEX,True,0.0001
BTCUSDT,2025-12-29 08:00:00.001,0.0001,89583.0,binance,CEX,True,0.0001
BTCUSDT,2025-12-29 16:00:00.000,4.826e-05,87643.76313043,binance,CEX,True,0.0001
BTCUSDT,2025-12-30 00:00:00.005,0.0001,87209.04473188,binance,CEX,True,0.0001
BTCUSDT,2025-12-30 08:00:00.001,4.613e-05,87457.5,binance,CEX,True,0.0001
BTCUSDT,2025-12-30 16:00:00.003,8.345e-05,88966.8,binance,CEX,True,0.0001
BTCUSDT,2025-12-31 00:00:00.004,2.922e-05,88455.3,binance,CEX,True,0.0001
BTCUSDT,2025-12-31 08:00:00.001,1.453e-05,88569.0,binance,CEX,True,0.0001
BTCUSDT,2025-12-31 16:00:00.001,3.75e-05,87909.0,binance,CEX,True,0.0001
BTCUSDT,2026-01-01 00:00:00.008,0.0001,87608.3,binance,CEX,True,0.0001
BTCUSDT,2026-01-01 08:00:00.002,0.0001,87603.80894203,binance,CEX,True,0.0001
BTCUSDT,2026-01-01 16:00:00.001,1.711e-05,87986.8,binance,CEX,True,0.0001
BTCUSDT,2026-01-02 00:00:00.006,5.608e-05,88799.9,binance,CEX,True,0.0001
BTCUSDT,2026-01-02 08:00:00.007,4.219e-05,88829.2,binance,CEX,True,0.0001
BTCUSDT,2026-01-02 16:00:00.000,4.813e-05,89373.0,binance,CEX,True,0.0001
BTCUSDT,2026-01-03 00:00:00.001,3.11e-05,89951.89852174,binance,CEX,True,0.0001
BTCUSDT,2026-01-03 08:00:00.000,1.055e-05,89535.9,binance,CEX,True,0.0001
BTCUSDT,2026-01-03 16:00:00.000,6.938e-05,89931.8,binance,CEX,True,0.0001
BTCUSDT,2026-01-04 00:00:00.000,9.488e-05,90595.85826667,binance,CEX,True,0.0001
BTCUSDT,2026-01-04 08:00:00.000,5.813e-05,91481.74876087,binance,CEX,True,0.0001
BTCUSDT,2026-01-04 16:00:00.001,4.436e-05,91295.09684783,binance,CEX,True,0.0001
BTCUSDT,2026-01-05 00:00:00.000,8.893e-05,91512.43532609,binance,CEX,True,0.0001
BTCUSDT,2026-01-05 08:00:00.000,5.23e-05,92492.27911544,binance,CEX,True,0.0001
BTCUSDT,2026-01-05 16:00:00.000,7.723e-05,93914.99367316,binance,CEX,True,0.0001
BTCUSDT,2026-01-06 00:00:00.010,-1.376e-05,93822.4,binance,CEX,True,0.0001
BTCUSDT,2026-01-06 08:00:00.000,2.816e-05,93208.62138406,binance,CEX,True,0.0001
BTCUSDT,2026-01-06 16:00:00.000,2.691e-05,93608.2,binance,CEX,True,0.0001
BTCUSDT,2026-01-07 00:00:00.001,6.582e-05,93708.0,binance,CEX,True,0.0001
BTCUSDT,2026-01-07 08:00:00.001,0.0001,92848.1,binance,CEX,True,0.0001
BTCUSDT,2026-01-07 16:00:00.001,2.885e-05,91303.2,binance,CEX,True,0.0001
BTCUSDT,2026-01-08 00:00:00.001,8.693e-05,91328.1,binance,CEX,True,0.0001
BTCUSDT,2026-01-08 08:00:00.000,0.0001,90509.9,binance,CEX,True,0.0001
BTCUSDT,2026-01-08 16:00:00.000,6.436e-05,90763.7241087,binance,CEX,True,0.0001
BTCUSDT,2026-01-09 00:00:00.003,-2.813e-05,91059.8,binance,CEX,True,0.0001
BTCUSDT,2026-01-09 08:00:00.000,7.258e-05,90712.2,binance,CEX,True,0.0001
BTCUSDT,2026-01-09 16:00:00.001,2.18e-06,91137.7,binance,CEX,True,0.0001
BTCUSDT,2026-01-10 00:00:00.000,5.643e-05,90604.03880833,binance,CEX,True,0.0001
BTCUSDT,2026-01-10 08:00:00.002,7.657e-05,90627.1,binance,CEX,True,0.0001
BTCUSDT,2026-01-10 16:00:00.001,6.235e-05,90622.7,binance,CEX,True,0.0001
BTCUSDT,2026-01-11 00:00:00.003,8.744e-05,90469.7,binance,CEX,True,0.0001
BTCUSDT,2026-01-11 08:00:00.006,4.67e-05,90664.86374094,binance,CEX,True,0.0001
BTCUSDT,2026-01-11 16:00:00.000,1.667e-05,90834.1,binance,CEX,True,0.0001
BTCUSDT,2026-01-12 00:00:00.005,1.813e-05,90976.6,binance,CEX,True,0.0001
BTCUSDT,2026-01-12 08:00:00.000,2.902e-05,91369.3,binance,CEX,True,0.0001
BTCUSDT,2026-01-12 16:00:00.000,4.65e-05,91625.1,binance,CEX,True,0.0001
BTCUSDT,2026-01-13 00:00:00.007,2.245e-05,91254.18296377,binance,CEX,True,0.0001
BTCUSDT,2026-01-13 08:00:00.009,9.838e-05,91920.87575362,binance,CEX,True,0.0001
BTCUSDT,2026-01-13 16:00:00.002,3.445e-05,93407.9,binance,CEX,True,0.0001
BTCUSDT,2026-01-14 00:00:00.000,1.29e-06,95375.2,binance,CEX,True,0.0001
BTCUSDT,2026-01-14 08:00:00.001,2.497e-05,95170.48131159,binance,CEX,True,0.0001
BTCUSDT,2026-01-14 16:00:00.004,4.076e-05,96691.9,binance,CEX,True,0.0001
BTCUSDT,2026-01-15 00:00:00.000,-3.67e-06,96908.0,binance,CEX,True,0.0001
BTCUSDT,2026-01-15 08:00:00.004,1.749e-05,96606.62814493,binance,CEX,True,0.0001
BTCUSDT,2026-01-15 16:00:00.002,1.526e-05,96750.47456522,binance,CEX,True,0.0001
BTCUSDT,2026-01-16 00:00:00.000,7.34e-05,95567.4,binance,CEX,True,0.0001
BTCUSDT,2026-01-16 08:00:00.000,7.337e-05,95608.3,binance,CEX,True,0.0001
BTCUSDT,2026-01-16 16:00:00.001,2.495e-05,94537.5,binance,CEX,True,0.0001
BTCUSDT,2026-01-17 00:00:00.000,-1.78e-06,95503.7,binance,CEX,True,0.0001
BTCUSDT,2026-01-17 08:00:00.000,3.007e-05,95061.58289855,binance,CEX,True,0.0001
BTCUSDT,2026-01-17 16:00:00.002,2.976e-05,95529.0,binance,CEX,True,0.0001
BTCUSDT,2026-01-18 00:00:00.001,3.503e-05,95108.62485833,binance,CEX,True,0.0001
