coin,fundingRate,premium,time,fundingTime,symbol,source,type,has_interest,interest_per_interval
ETH,1.25e-05,-0.0003187472,1760936400027,2025-10-20 05:00:00.027,ETH,hyperliquid,DEX,False,0.0
ETH,8.7842e-06,-0.0004297265,1760940000067,2025-10-20 06:00:00.067,ETH,hyperliquid,DEX,False,0.0
ETH,1.25e-05,-0.0003855951,1760943600099,2025-10-20 07:00:00.099,ETH,hyperliquid,DEX,False,0.0
ETH,1.25e-05,-0.0003812308,1760947200102,2025-10-20 08:00:00.102,ETH,hyperliquid,DEX,False,0.0
ETH,1.25e-05,-0.0003917541,1760950800121,2025-10-20 09:00:00.121,ETH,hyperliquid,DEX,False,0.0
ETH,1.17916e-05,-0.0004056671,1760954400031,2025-10-20 10:00:00.031,ETH,hyperliquid,DEX,False,0.0
ETH,8.4048e-06,-0.0004327618,1760958000001,2025-10-20 11:00:00.001,ETH,hyperliquid,DEX,False,0.0
ETH,1.25e-05,-0.0003619879,1760961600008,2025-10-20 12:00:00.008,ETH,hyperliquid,DEX,False,0.0
ETH,1.25e-05,-0.000307263,1760965200016,2025-10-20 13:00:00.016,ETH,hyperliquid,DEX,False,0.0
ETH,1.25e-05,-0.0002453205,1760968800008,2025-10-20 14:00:00.008,ETH,hyperliquid,DEX,False,0.0
ETH,1.25e-05,-0.0002086067,1760972400038,2025-10-20 15:00:00.038,ETH,hyperliquid,DEX,False,0.0
ETH,1.25e-05,-0.0001759044,1760976000065,2025-10-20 16:00:00.065,ETH,hyperliquid,DEX,False,0.0
ETH,1.25e-05,-0.0002790004,1760979600004,2025-10-20 17:00:00.004,ETH,hyperliquid,DEX,False,0.0
ETH,1.25e-05,-0.0001851621,1760983200050,2025-10-20 18:00:00.050,ETH,hyperliquid,DEX,False,0.0
ETH,1.25e-05,-0.0002010051,1760986800049,2025-10-20 19:00:00.049,ETH,hyperliquid,DEX,False,0.0
ETH,1.25e-05,-0.0003175336,1760990400017,2025-10-20 20:00:00.017,ETH,hyperliquid,DEX,False,0.0
ETH,1.25e-05,-0.0002648332,1760994000028,2025-10-20 21:00:00.028,ETH,hyperliquid,DEX,False,0.0
ETH,1.25e-05,-0.0003429959,1760997600031,2025-10-20 22:00:00.031,ETH,hyperliquid,DEX,False,0.0
ETH,1.25e-05,-0.000325434,1761001200065,2025-10-20 23:00:00.065,ETH,hyperliquid,DEX,False,0.0
ETH,1.25e-05,-0.000318293,1761004800019,2025-10-21 00:00:00.019,ETH,hyperliquid,DEX,False,0.0
ETH,1.25e-05,-0.0003768053,1761008400007,2025-10-21 01:00:00.007,ETH,hyperliquid,DEX,False,0.0
ETH,1.25e-05,-0.0002966119,1761012000031,2025-10-21 02:00:00.031,ETH,hyperliquid,DEX,False,0.0
ETH,1.25e-05,-0.0002011445,1761015600071,2025-10-21 03:00:00.071,ETH,hyperliquid,DEX,False,0.0
ETH,1.25e-05,-0.0000436169,1761019200035,2025-10-21 04:00:00.035,ETH,hyperliquid,DEX,False,0.0
ETH,1.25e-05,-0.0001897127,1761022800063,2025-10-21 05:00:00.063,ETH,hyperliquid,DEX,False,0.0
ETH,1.25e-05,-0.0001436807,1761026400008,2025-10-21 06:00:00.008,ETH,hyperliquid,DEX,False,0.0
ETH,1.25e-05,-0.0003042976,1761030000118,2025-10-21 07:00:00.118,ETH,hyperliquid,DEX,False,0.0
ETH,1.25e-05,-0.0002560929,1761033600010,2025-10-21 08:00:00.010,ETH,hyperliquid,DEX,False,0.0
ETH,1.10391e-05,-0.0004116868,1761037200003,2025-10-21 09:00:00.003,ETH,hyperliquid,DEX,False,0.0
ETH,1.25e-05,-0.0003337129,1761040800028,2025-10-21 10:00:00.028,ETH,hyperliquid,DEX,False,0.0
ETH,1.25e-05,-0.0003193498,1761044400076,2025-10-21 11:00:00.076,ETH,hyperliquid,DEX,False,0.0
ETH,1.25e-05,-0.0002287856,1761048000078,2025-10-21 12:00:00.078,ETH,hyperliquid,DEX,False,0.0
ETH,1.25e-05,-0.0000892195,1761051600030,2025-10-21 13:00:00.030,ETH,hyperliquid,DEX,False,0.0
ETH,1.25e-05,-0.0001510062,1761055200096,2025-10-21 14:00:00.096,ETH,hyperliquid,DEX,False,0.0
ETH,1.25e-05,0.0000517515,1761058800047,2025-10-21 15:00:00.047,ETH,hyperliquid,DEX,False,0.0
ETH,1.25e-05,0.0001853071,1761062400042,2025-10-21 16:00:00.042,ETH,hyperliquid,DEX,False,0.0
ETH,1.25e-05,0.000094919,1761066000058,2025-10-21 17:00:00.058,ETH,hyperliquid,DEX,False,0.0
ETH,1.25e-05,-0.0000072822,1761069600016,2025-10-21 18:00:00.016,ETH,hyperliquid,DEX,False,0.0
ETH,1.25e-05,-0.000121835,1761073200080,2025-10-21 19:00:00.080,ETH,hyperliquid,DEX,False,0.0
ETH,1.25e-05,-0.0003673479,1761076800060,2025-10-21 20:00:00.060,ETH,hyperliquid,DEX,False,0.0
ETH,7.7975e-06,-0.0004376202,1761080400019,2025-10-21 21:00:00.019,ETH,hyperliquid,DEX,False,0.0
ETH,2.2918e-06,-0.0004816653,1761084000011,2025-10-21 22:00:00.011,ETH,hyperliquid,DEX,False,0.0
ETH,-9.0437e-06,-0.0005723496,1761087600060,2025-10-21 23:00:00.060,ETH,hyperliquid,DEX,False,0.0
ETH,-1.48528e-05,-0.0006188225,1761091200025,2025-10-22 00:00:00.025,ETH,hyperliquid,DEX,False,0.0
ETH,-1.1851e-05,-0.0005948082,1761094800050,2025-10-22 01:00:00.050,ETH,hyperliquid,DEX,False,0.0
ETH,-3.4748e-06,-0.0005277986,1761098400020,2025-10-22 02:00:00.020,ETH,hyperliquid,DEX,False,0.0
ETH,-2.9198e-06,-0.0005233587,1761102000081,2025-10-22 03:00:00.081,ETH,hyperliquid,DEX,False,0.0
ETH,-3.1762e-06,-0.0005254093,1761105600076,2025-10-22 04:00:00.076,ETH,hyperliquid,DEX,False,0.0
ETH,5.475e-07,-0.0004956204,1761109200035,2025-10-22 05:00:00.035,ETH,hyperliquid,DEX,False,0.0
ETH,2.6594e-06,-0.000478725,1761112800009,2025-10-22 06:00:00.009,ETH,hyperliquid,DEX,False,0.0
ETH,3.4262e-06,-0.0004725901,1761116400071,2025-10-22 07:00:00.071,ETH,hyperliquid,DEX,False,0.0
ETH,7.5521e-06,-0.0004395833,1761120000062,2025-10-22 08:00:00.062,ETH,hyperliquid,DEX,False,0.0
ETH,1.02056e-05,-0.0004183555,1761123600059,2025-10-22 09:00:00.059,ETH,hyperliquid,DEX,False,0.0
ETH,8.0995e-06,-0.0004352043,1761127200074,2025-10-22 10:00:00.074,ETH,hyperliquid,DEX,False,0.0
ETH,9.9086e-06,-0.0004207315,1761130800056,2025-10-22 11:00:00.056,ETH,hyperliquid,DEX,False,0.0
ETH,6.4496e-06,-0.0004484035,1761134400032,2025-10-22 12:00:00.032,ETH,hyperliquid,DEX,False,0.0
ETH,1.25e-05,-0.0003398574,1761138000031,2025-10-22 13:00:00.031,ETH,hyperliquid,DEX,False,0.0
ETH,1.25e-05,-0.0003126328,1761141600029,2025-10-22 14:00:00.029,ETH,hyperliquid,DEX,False,0.0
ETH,1.18332e-05,-0.0004053341,1761145200025,2025-10-22 15:00:00.025,ETH,hyperliquid,DEX,False,0.0
ETH,-4.1865e-06,-0.0005334917,1761148800036,2025-10-22 16:00:00.036,ETH,hyperliquid,DEX,False,0.0
ETH,-1.2775e-05,-0.0006021997,1761152400033,2025-10-22 17:00:00.033,ETH,hyperliquid,DEX,False,0.0
ETH,-9.4025e-06,-0.0005752198,1761156000008,2025-10-22 18:00:00.008,ETH,hyperliquid,DEX,False,0.0
ETH,-9.9926e-06,-0.0005799406,1761159600089,2025-10-22 19:00:00.089,ETH,hyperliquid,DEX,False,0.0
ETH,6.318e-07,-0.0004949454,1761163200002,2025-10-22 20:00:00.002,ETH,hyperliquid,DEX,False,0.0
ETH,6.36e-07,-0.0004949116,1761166800025,2025-10-22 21:00:00.025,ETH,hyperliquid,DEX,False,0.0
ETH,-2.1812e-06,-0.0005174499,1761170400027,2025-10-22 22:00:00.027,ETH,hyperliquid,DEX,False,0.0
ETH,-9.5086e-06,-0.0005760687,1761174000005,2025-10-22 23:00:00.005,ETH,hyperliquid,DEX,False,0.0
ETH,-1.7587e-06,-0.0005140696,1761177600009,2025-10-23 00:00:00.009,ETH,hyperliquid,DEX,False,0.0
ETH,4.7453e-06,-0.0004620376,1761181200016,2025-10-23 01:00:00.016,ETH,hyperliquid,DEX,False,0.0
ETH,3.9805e-06,-0.0004681563,1761184800031,2025-10-23 02:00:00.031,ETH,hyperliquid,DEX,False,0.0
ETH,6.9551e-06,-0.0004443593,1761188400006,2025-10-23 03:00:00.006,ETH,hyperliquid,DEX,False,0.0
ETH,6.1453e-06,-0.0004508377,1761192000069,2025-10-23 04:00:00.069,ETH,hyperliquid,DEX,False,0.0
ETH,5.6013e-06,-0.00045519,1761195600027,2025-10-23 05:00:00.027,ETH,hyperliquid,DEX,False,0.0
ETH,1.06185e-05,-0.000415052,1761199200059,2025-10-23 06:00:00.059,ETH,hyperliquid,DEX,False,0.0
ETH,1.25e-05,-0.0003625454,1761202800050,2025-10-23 07:00:00.050,ETH,hyperliquid,DEX,False,0.0
ETH,8.4962e-06,-0.0004320301,1761206400047,2025-10-23 08:00:00.047,ETH,hyperliquid,DEX,False,0.0
ETH,1.25e-05,-0.0003425294,1761210000058,2025-10-23 09:00:00.058,ETH,hyperliquid,DEX,False,0.0
ETH,1.25e-05,-0.0002814714,1761213600041,2025-10-23 10:00:00.041,ETH,hyperliquid,DEX,False,0.0
ETH,1.25e-05,-0.0001350224,1761217200009,2025-10-23 11:00:00.009,ETH,hyperliquid,DEX,False,0.0
ETH,1.25e-05,-0.0000579583,1761220800003,2025-10-23 12:00:00.003,ETH,hyperliquid,DEX,False,0.0
ETH,1.25e-05,-0.0000637819,1761224400028,2025-10-23 13:00:00.028,ETH,hyperliquid,DEX,False,0.0
ETH,1.25e-05,-0.0000491112,1761228000017,2025-10-23 14:00:00.017,ETH,hyperliquid,DEX,False,0.0
ETH,1.25e-05,-0.0000265103,1761231600071,2025-10-23 15:00:00.071,ETH,hyperliquid,DEX,False,0.0
ETH,1.25e-05,-0.0000633233,1761235200077,2025-10-23 16:00:00.077,ETH,hyperliquid,DEX,False,0.0
ETH,1.25e-05,0.0001762556,1761238800066,2025-10-23 17:00:00.066,ETH,hyperliquid,DEX,False,0.0
ETH,1.25e-05,0.0001438487,1761242400067,2025-10-23 18:00:00.067,ETH,hyperliquid,DEX,False,0.0
ETH,1.25e-05,-0.0000678628,1761246000064,2025-10-23 19:00:00.064,ETH,hyperliquid,DEX,False,0.0
ETH,1.25e-05,-0.0000642349,1761249600111,2025-10-23 20:00:00.111,ETH,hyperliquid,DEX,False,0.0
ETH,1.25e-05,-0.0000644468,1761253200075,2025-10-23 21:00:00.075,ETH,hyperliquid,DEX,False,0.0
ETH,1.25e-05,-0.0002626957,1761256800059,2025-10-23 22:00:00.059,ETH,hyperliquid,DEX,False,0.0
ETH,1.25e-05,-0.0002883672,1761260400061,2025-10-23 23:00:00.061,ETH,hyperliquid,DEX,False,0.0
ETH,1.25e-05,-0.0000741096,1761264000027,2025-10-24 00:00:00.027,ETH,hyperliquid,DEX,False,0.0
ETH,1.25e-05,0.0000078495,1761267600017,2025-10-24 01:00:00.017,ETH,hyperliquid,DEX,False,0.0
ETH,1.25e-05,0.0000736892,1761271200037,2025-10-24 02:00:00.037,ETH,hyperliquid,DEX,False,0.0
ETH,1.25e-05,0.0001152003,1761274800019,2025-10-24 03:00:00.019,ETH,hyperliquid,DEX,False,0.0
ETH,1.25e-05,0.000212291,1761278400025,2025-10-24 04:00:00.025,ETH,hyperliquid,DEX,False,0.0
ETH,1.25e-05,0.000303098,1761282000030,2025-10-24 05:00:00.030,ETH,hyperliquid,DEX,False,0.0
ETH,1.25e-05,0.0002320454,1761285600025,2025-10-24 06:00:00.025,ETH,hyperliquid,DEX,False,0.0
ETH,1.25e-05,0.0002069007,1761289200071,2025-10-24 07:00:00.071,ETH,hyperliquid,DEX,False,0.0
ETH,1.25e-05,0.0001459459,1761292800077,2025-10-24 08:00:00.077,ETH,hyperliquid,DEX,False,0.0
ETH,1.25e-05,0.0000610695,1761296400061,2025-10-24 09:00:00.061,ETH,hyperliquid,DEX,False,0.0
ETH,1.25e-05,0.0000687375,1761300000120,2025-10-24 10:00:00.120,ETH,hyperliquid,DEX,False,0.0
ETH,1.25e-05,0.0001389247,1761303600104,2025-10-24 11:00:00.104,ETH,hyperliquid,DEX,False,0.0
ETH,1.25e-05,0.0001060309,1761307200013,2025-10-24 12:00:00.013,ETH,hyperliquid,DEX,False,0.0
ETH,1.25e-05,0.0001771318,1761310800033,2025-10-24 13:00:00.033,ETH,hyperliquid,DEX,False,0.0
ETH,1.25e-05,0.0001454371,1761314400009,2025-10-24 14:00:00.009,ETH,hyperliquid,DEX,False,0.0
ETH,1.25e-05,0.0001690049,1761318000027,2025-10-24 15:00:00.027,ETH,hyperliquid,DEX,False,0.0
ETH,1.25e-05,0.0001970031,1761321600171,2025-10-24 16:00:00.171,ETH,hyperliquid,DEX,False,0.0
ETH,1.25e-05,0.0001485934,1761325200036,2025-10-24 17:00:00.036,ETH,hyperliquid,DEX,False,0.0
ETH,1.25e-05,0.0001562667,1761328800052,2025-10-24 18:00:00.052,ETH,hyperliquid,DEX,False,0.0
ETH,1.25e-05,0.0001054509,1761332400043,2025-10-24 19:00:00.043,ETH,hyperliquid,DEX,False,0.0
ETH,1.25e-05,0.0001360957,1761336000021,2025-10-24 20:00:00.021,ETH,hyperliquid,DEX,False,0.0
ETH,1.25e-05,0.0003065801,1761339600031,2025-10-24 21:00:00.031,ETH,hyperliquid,DEX,False,0.0
ETH,1.25e-05,0.0003237599,1761343200007,2025-10-24 22:00:00.007,ETH,hyperliquid,DEX,False,0.0
ETH,1.25e-05,0.0003332077,1761346800032,2025-10-24 23:00:00.032,ETH,hyperliquid,DEX,False,0.0
ETH,1.25e-05,0.0002439774,1761350400014,2025-10-25 00:00:00.014,ETH,hyperliquid,DEX,False,0.0
ETH,1.25e-05,0.000128523,1761354000081,2025-10-25 01:00:00.081,ETH,hyperliquid,DEX,False,0.0
ETH,1.25e-05,0.0001531508,1761357600085,2025-10-25 02:00:00.085,ETH,hyperliquid,DEX,False,0.0
ETH,1.25e-05,0.0001625471,1761361200008,2025-10-25 03:00:00.008,ETH,hyperliquid,DEX,False,0.0
ETH,1.25e-05,0.0001372684,1761364800066,2025-10-25 04:00:00.066,ETH,hyperliquid,DEX,False,0.0
ETH,1.25e-05,0.0001154002,1761368400028,2025-10-25 05:00:00.028,ETH,hyperliquid,DEX,False,0.0
ETH,1.25e-05,0.0000883615,1761372000036,2025-10-25 06:00:00.036,ETH,hyperliquid,DEX,False,0.0
ETH,1.25e-05,0.0000974643,1761375600008,2025-10-25 07:00:00.008,ETH,hyperliquid,DEX,False,0.0
ETH,1.25e-05,0.0000793815,1761379200043,2025-10-25 08:00:00.043,ETH,hyperliquid,DEX,False,0.0
ETH,1.25e-05,0.0000744869,1761382800025,2025-10-25 09:00:00.025,ETH,hyperliquid,DEX,False,0.0
ETH,1.25e-05,0.0000957654,1761386400021,2025-10-25 10:00:00.021,ETH,hyperliquid,DEX,False,0.0
ETH,1.25e-05,0.0000753839,1761390000057,2025-10-25 11:00:00.057,ETH,hyperliquid,DEX,False,0.0
ETH,1.25e-05,0.0001177421,1761393600047,2025-10-25 12:00:00.047,ETH,hyperliquid,DEX,False,0.0
ETH,1.25e-05,0.0001489224,1761397200046,2025-10-25 13:00:00.046,ETH,hyperliquid,DEX,False,0.0
ETH,1.25e-05,0.000150952,1761400800058,2025-10-25 14:00:00.058,ETH,hyperliquid,DEX,False,0.0
ETH,1.25e-05,0.0001092355,1761404400016,2025-10-25 15:00:00.016,ETH,hyperliquid,DEX,False,0.0
ETH,1.25e-05,0.0000618235,1761408000041,2025-10-25 16:00:00.041,ETH,hyperliquid,DEX,False,0.0
ETH,1.25e-05,0.0000833954,1761411600015,2025-10-25 17:00:00.015,ETH,hyperliquid,DEX,False,0.0
ETH,1.25e-05,0.0001093273,1761415200027,2025-10-25 18:00:00.027,ETH,hyperliquid,DEX,False,0.0
ETH,1.25e-05,0.0000607707,1761418800030,2025-10-25 19:00:00.030,ETH,hyperliquid,DEX,False,0.0
ETH,1.25e-05,0.0000761181,1761422400002,2025-10-25 20:00:00.002,ETH,hyperliquid,DEX,False,0.0
ETH,1.25e-05,0.0000743616,1761426000073,2025-10-25 21:00:00.073,ETH,hyperliquid,DEX,False,0.0
ETH,1.25e-05,0.0000928337,1761429600055,2025-10-25 22:00:00.055,ETH,hyperliquid,DEX,False,0.0
ETH,1.25e-05,0.0001198571,1761433200044,2025-10-25 23:00:00.044,ETH,hyperliquid,DEX,False,0.0
ETH,1.25e-05,0.0000668206,1761436800032,2025-10-26 00:00:00.032,ETH,hyperliquid,DEX,False,0.0
ETH,1.25e-05,0.0000425907,1761440400040,2025-10-26 01:00:00.040,ETH,hyperliquid,DEX,False,0.0
ETH,1.25e-05,0.0000239282,1761444000006,2025-10-26 02:00:00.006,ETH,hyperliquid,DEX,False,0.0
ETH,1.25e-05,-0.0000133243,1761447600063,2025-10-26 03:00:00.063,ETH,hyperliquid,DEX,False,0.0
ETH,1.25e-05,-0.0000137014,1761451200133,2025-10-26 04:00:00.133,ETH,hyperliquid,DEX,False,0.0
ETH,1.25e-05,-0.0000446889,1761454800021,2025-10-26 05:00:00.021,ETH,hyperliquid,DEX,False,0.0
ETH,1.25e-05,-0.0000292407,1761458400088,2025-10-26 06:00:00.088,ETH,hyperliquid,DEX,False,0.0
ETH,1.25e-05,-0.0000285564,1761462000054,2025-10-26 07:00:00.054,ETH,hyperliquid,DEX,False,0.0
ETH,1.25e-05,0.0000103596,1761465600009,2025-10-26 08:00:00.009,ETH,hyperliquid,DEX,False,0.0
ETH,1.25e-05,-0.000003341,1761469200041,2025-10-26 09:00:00.041,ETH,hyperliquid,DEX,False,0.0
ETH,1.25e-05,0.0001069926,1761472800028,2025-10-26 10:00:00.028,ETH,hyperliquid,DEX,False,0.0
ETH,1.25e-05,0.0001196414,1761476400068,2025-10-26 11:00:00.068,ETH,hyperliquid,DEX,False,0.0
ETH,1.25e-05,0.0001034774,1761480000084,2025-10-26 12:00:00.084,ETH,hyperliquid,DEX,False,0.0
ETH,1.25e-05,0.0000976692,1761483600054,2025-10-26 13:00:00.054,ETH,hyperliquid,DEX,False,0.0
ETH,1.25e-05,0.0000521771,1761487200041,2025-10-26 14:00:00.041,ETH,hyperliquid,DEX,False,0.0
ETH,1.25e-05,0.0000418968,1761490800079,2025-10-26 15:00:00.079,ETH,hyperliquid,DEX,False,0.0
ETH,1.25e-05,0.0000327784,1761494400039,2025-10-26 16:00:00.039,ETH,hyperliquid,DEX,False,0.0
ETH,1.25e-05,-0.0000666907,1761498000074,2025-10-26 17:00:00.074,ETH,hyperliquid,DEX,False,0.0
ETH,1.25e-05,-0.000143709,1761501600030,2025-10-26 18:00:00.030,ETH,hyperliquid,DEX,False,0.0
ETH,1.25e-05,-0.0000974679,1761505200059,2025-10-26 19:00:00.059,ETH,hyperliquid,DEX,False,0.0
ETH,1.25e-05,-0.0000914429,1761508800056,2025-10-26 20:00:00.056,ETH,hyperliquid,DEX,False,0.0
ETH,1.25e-05,-0.0000220714,1761512400033,2025-10-26 21:00:00.033,ETH,hyperliquid,DEX,False,0.0
ETH,1.25e-05,0.0000851196,1761516000019,2025-10-26 22:00:00.019,ETH,hyperliquid,DEX,False,0.0
ETH,1.25e-05,0.0003167121,1761519600009,2025-10-26 23:00:00.009,ETH,hyperliquid,DEX,False,0.0
ETH,1.25e-05,0.0002698647,1761523200020,2025-10-27 00:00:00.020,ETH,hyperliquid,DEX,False,0.0
ETH,1.25e-05,0.0001867574,1761526800007,2025-10-27 01:00:00.007,ETH,hyperliquid,DEX,False,0.0
ETH,1.25e-05,0.0002702429,1761530400080,2025-10-27 02:00:00.080,ETH,hyperliquid,DEX,False,0.0
ETH,1.25e-05,0.0004019255,1761534000034,2025-10-27 03:00:00.034,ETH,hyperliquid,DEX,False,0.0
ETH,1.25e-05,0.000387318,1761537600050,2025-10-27 04:00:00.050,ETH,hyperliquid,DEX,False,0.0
ETH,1.25e-05,0.0003906413,1761541200056,2025-10-27 05:00:00.056,ETH,hyperliquid,DEX,False,0.0
ETH,1.25e-05,0.000450167,1761544800073,2025-10-27 06:00:00.073,ETH,hyperliquid,DEX,False,0.0
ETH,1.25e-05,0.0004721017,1761548400002,2025-10-27 07:00:00.002,ETH,hyperliquid,DEX,False,0.0
ETH,1.25e-05,0.0005395542,1761552000067,2025-10-27 08:00:00.067,ETH,hyperliquid,DEX,False,0.0
ETH,1.25e-05,0.0004103561,1761555600016,2025-10-27 09:00:00.016,ETH,hyperliquid,DEX,False,0.0
ETH,1.25e-05,0.0003460069,1761559200082,2025-10-27 10:00:00.082,ETH,hyperliquid,DEX,False,0.0
ETH,1.25e-05,0.0003543309,1761562800067,2025-10-27 11:00:00.067,ETH,hyperliquid,DEX,False,0.0
ETH,1.25e-05,0.0003769665,1761566400052,2025-10-27 12:00:00.052,ETH,hyperliquid,DEX,False,0.0
ETH,1.25e-05,0.0003538055,1761570000132,2025-10-27 13:00:00.132,ETH,hyperliquid,DEX,False,0.0
ETH,1.25e-05,0.0004299859,1761573600028,2025-10-27 14:00:00.028,ETH,hyperliquid,DEX,False,0.0
ETH,1.25e-05,0.0002959437,1761577200090,2025-10-27 15:00:00.090,ETH,hyperliquid,DEX,False,0.0
ETH,1.25e-05,0.0001656065,1761580800054,2025-10-27 16:00:00.054,ETH,hyperliquid,DEX,False,0.0
ETH,1.25e-05,0.0001982966,1761584400078,2025-10-27 17:00:00.078,ETH,hyperliquid,DEX,False,0.0
ETH,1.25e-05,0.0003623126,1761588000053,2025-10-27 18:00:00.053,ETH,hyperliquid,DEX,False,0.0
ETH,1.25e-05,0.0002845656,1761591600055,2025-10-27 19:00:00.055,ETH,hyperliquid,DEX,False,0.0
ETH,1.25e-05,0.0002267098,1761595200077,2025-10-27 20:00:00.077,ETH,hyperliquid,DEX,False,0.0
ETH,1.25e-05,0.0000822691,1761598800065,2025-10-27 21:00:00.065,ETH,hyperliquid,DEX,False,0.0
ETH,1.25e-05,-0.0000108775,1761602400010,2025-10-27 22:00:00.010,ETH,hyperliquid,DEX,False,0.0
ETH,1.25e-05,-0.00011027,1761606000071,2025-10-27 23:00:00.071,ETH,hyperliquid,DEX,False,0.0
ETH,1.25e-05,-0.0001099109,1761609600041,2025-10-28 00:00:00.041,ETH,hyperliquid,DEX,False,0.0
ETH,1.25e-05,-0.0001138494,1761613200058,2025-10-28 01:00:00.058,ETH,hyperliquid,DEX,False,0.0
ETH,1.25e-05,0.0000155622,1761616800012,2025-10-28 02:00:00.012,ETH,hyperliquid,DEX,False,0.0
ETH,1.25e-05,-0.0000254093,1761620400031,2025-10-28 03:00:00.031,ETH,hyperliquid,DEX,False,0.0
ETH,1.25e-05,-0.000109036,1761624000021,2025-10-28 04:00:00.021,ETH,hyperliquid,DEX,False,0.0
ETH,1.25e-05,-0.0001831725,1761627600020,2025-10-28 05:00:00.020,ETH,hyperliquid,DEX,False,0.0
ETH,1.25e-05,-0.0001989579,1761631200053,2025-10-28 06:00:00.053,ETH,hyperliquid,DEX,False,0.0
ETH,1.25e-05,-0.0002020954,1761634800074,2025-10-28 07:00:00.074,ETH,hyperliquid,DEX,False,0.0
ETH,1.25e-05,-0.0002391649,1761638400069,2025-10-28 08:00:00.069,ETH,hyperliquid,DEX,False,0.0
ETH,1.25e-05,-0.000348527,1761642000046,2025-10-28 09:00:00.046,ETH,hyperliquid,DEX,False,0.0
ETH,1.25e-05,-0.0002900439,1761645600036,2025-10-28 10:00:00.036,ETH,hyperliquid,DEX,False,0.0
ETH,1.25e-05,-0.0001515676,1761649200005,2025-10-28 11:00:00.005,ETH,hyperliquid,DEX,False,0.0
ETH,1.25e-05,-0.0001334175,1761652800001,2025-10-28 12:00:00.001,ETH,hyperliquid,DEX,False,0.0
ETH,1.25e-05,-0.0001519341,1761656400109,2025-10-28 13:00:00.109,ETH,hyperliquid,DEX,False,0.0
ETH,1.25e-05,-0.000164564,1761660000010,2025-10-28 14:00:00.010,ETH,hyperliquid,DEX,False,0.0
ETH,1.25e-05,-0.0001209428,1761663600019,2025-10-28 15:00:00.019,ETH,hyperliquid,DEX,False,0.0
ETH,1.25e-05,-0.000134704,1761667200046,2025-10-28 16:00:00.046,ETH,hyperliquid,DEX,False,0.0
ETH,1.25e-05,-0.0001555881,1761670800059,2025-10-28 17:00:00.059,ETH,hyperliquid,DEX,False,0.0
ETH,1.25e-05,-0.0001091952,1761674400091,2025-10-28 18:00:00.091,ETH,hyperliquid,DEX,False,0.0
ETH,1.25e-05,-0.0001620786,1761678000102,2025-10-28 19:00:00.102,ETH,hyperliquid,DEX,False,0.0
ETH,1.25e-05,-0.0003218119,1761681600058,2025-10-28 20:00:00.058,ETH,hyperliquid,DEX,False,0.0
ETH,1.09933e-05,-0.0004120535,1761685200077,2025-10-28 21:00:00.077,ETH,hyperliquid,DEX,False,0.0
ETH,1.19638e-05,-0.0004042896,1761688800030,2025-10-28 22:00:00.030,ETH,hyperliquid,DEX,False,0.0
ETH,1.25e-05,-0.0003561879,1761692400042,2025-10-28 23:00:00.042,ETH,hyperliquid,DEX,False,0.0
ETH,1.21222e-05,-0.0004030224,1761696000102,2025-10-29 00:00:00.102,ETH,hyperliquid,DEX,False,0.0
ETH,1.25e-05,-0.0003508958,1761699600042,2025-10-29 01:00:00.042,ETH,hyperliquid,DEX,False,0.0
ETH,1.25e-05,-0.0003352315,1761703200077,2025-10-29 02:00:00.077,ETH,hyperliquid,DEX,False,0.0
ETH,1.25e-05,-0.0002848923,1761706800042,2025-10-29 03:00:00.042,ETH,hyperliquid,DEX,False,0.0
ETH,1.25e-05,-0.0002671564,1761710400036,2025-10-29 04:00:00.036,ETH,hyperliquid,DEX,False,0.0
ETH,1.25e-05,-0.0002366364,1761714000043,2025-10-29 05:00:00.043,ETH,hyperliquid,DEX,False,0.0
ETH,1.25e-05,-0.0002852907,1761717600006,2025-10-29 06:00:00.006,ETH,hyperliquid,DEX,False,0.0
ETH,6.8603e-06,-0.0004451177,1761721200020,2025-10-29 07:00:00.020,ETH,hyperliquid,DEX,False,0.0
ETH,4.081e-06,-0.0004673518,1761724800053,2025-10-29 08:00:00.053,ETH,hyperliquid,DEX,False,0.0
ETH,6.3862e-06,-0.0004489103,1761728400061,2025-10-29 09:00:00.061,ETH,hyperliquid,DEX,False,0.0
ETH,-2.12514e-05,-0.0006700113,1761732000044,2025-10-29 10:00:00.044,ETH,hyperliquid,DEX,False,0.0
ETH,-3.04612e-05,-0.0007436898,1761735600044,2025-10-29 11:00:00.044,ETH,hyperliquid,DEX,False,0.0
ETH,-1.17323e-05,-0.0005938587,1761739200098,2025-10-29 12:00:00.098,ETH,hyperliquid,DEX,False,0.0
ETH,-6.2524e-06,-0.0005500191,1761742800000,2025-10-29 13:00:00.000,ETH,hyperliquid,DEX,False,0.0
ETH,-3.3712e-06,-0.0005269693,1761746400006,2025-10-29 14:00:00.006,ETH,hyperliquid,DEX,False,0.0
ETH,5.9489e-06,-0.0004524088,1761750000035,2025-10-29 15:00:00.035,ETH,hyperliquid,DEX,False,0.0
ETH,3.567e-07,-0.0004971466,1761753600064,2025-10-29 16:00:00.064,ETH,hyperliquid,DEX,False,0.0
ETH,7.4963e-06,-0.00044003,1761757200196,2025-10-29 17:00:00.196,ETH,hyperliquid,DEX,False,0.0
ETH,9.5213e-06,-0.0004238295,1761760800117,2025-10-29 18:00:00.117,ETH,hyperliquid,DEX,False,0.0
ETH,8.084e-07,-0.0004935328,1761764400037,2025-10-29 19:00:00.037,ETH,hyperliquid,DEX,False,0.0
ETH,1.25e-05,-0.0003835924,1761768000043,2025-10-29 20:00:00.043,ETH,hyperliquid,DEX,False,0.0
ETH,1.25e-05,-0.0003323883,1761771600014,2025-10-29 21:00:00.014,ETH,hyperliquid,DEX,False,0.0
ETH,1.25e-05,-0.0002959407,1761775200025,2025-10-29 22:00:00.025,ETH,hyperliquid,DEX,False,0.0
ETH,1.25e-05,-0.0003744364,1761778800061,2025-10-29 23:00:00.061,ETH,hyperliquid,DEX,False,0.0
ETH,1.25e-05,-0.0003158029,1761782400035,2025-10-30 00:00:00.035,ETH,hyperliquid,DEX,False,0.0
ETH,1.25e-05,-0.00029026,1761786000015,2025-10-30 01:00:00.015,ETH,hyperliquid,DEX,False,0.0
ETH,1.25e-05,-0.0003183008,1761789600037,2025-10-30 02:00:00.037,ETH,hyperliquid,DEX,False,0.0
ETH,1.25e-05,-0.0002722145,1761793200041,2025-10-30 03:00:00.041,ETH,hyperliquid,DEX,False,0.0
ETH,1.25e-05,-0.000300865,1761796800122,2025-10-30 04:00:00.122,ETH,hyperliquid,DEX,False,0.0
ETH,1.25e-05,-0.0003001039,1761800400021,2025-10-30 05:00:00.021,ETH,hyperliquid,DEX,False,0.0
ETH,1.25e-05,-0.0002481036,1761804000021,2025-10-30 06:00:00.021,ETH,hyperliquid,DEX,False,0.0
ETH,1.25e-05,-0.0003142932,1761807600062,2025-10-30 07:00:00.062,ETH,hyperliquid,DEX,False,0.0
ETH,1.25e-05,-0.0002664788,1761811200024,2025-10-30 08:00:00.024,ETH,hyperliquid,DEX,False,0.0
ETH,1.25e-05,-0.0002942617,1761814800007,2025-10-30 09:00:00.007,ETH,hyperliquid,DEX,False,0.0
ETH,1.25e-05,-0.0002706262,1761818400042,2025-10-30 10:00:00.042,ETH,hyperliquid,DEX,False,0.0
ETH,1.25e-05,-0.0001969893,1761822000045,2025-10-30 11:00:00.045,ETH,hyperliquid,DEX,False,0.0
ETH,1.25e-05,-0.0001874225,1761825600003,2025-10-30 12:00:00.003,ETH,hyperliquid,DEX,False,0.0
ETH,1.25e-05,-0.0003282206,1761829200048,2025-10-30 13:00:00.048,ETH,hyperliquid,DEX,False,0.0
ETH,1.25e-05,-0.0002636076,1761832800048,2025-10-30 14:00:00.048,ETH,hyperliquid,DEX,False,0.0
ETH,1.25e-05,-0.0002243202,1761836400044,2025-10-30 15:00:00.044,ETH,hyperliquid,DEX,False,0.0
ETH,1.25e-05,-0.0003412461,1761840000037,2025-10-30 16:00:00.037,ETH,hyperliquid,DEX,False,0.0
ETH,1.25e-05,-0.0002951328,1761843600008,2025-10-30 17:00:00.008,ETH,hyperliquid,DEX,False,0.0
ETH,1.25e-05,-0.0003665372,1761847200032,2025-10-30 18:00:00.032,ETH,hyperliquid,DEX,False,0.0
ETH,1.25e-05,-0.0003422412,1761850800088,2025-10-30 19:00:00.088,ETH,hyperliquid,DEX,False,0.0
ETH,1.25e-05,-0.0003918995,1761854400034,2025-10-30 20:00:00.034,ETH,hyperliquid,DEX,False,0.0
ETH,1.25e-05,-0.0003858863,1761858000071,2025-10-30 21:00:00.071,ETH,hyperliquid,DEX,False,0.0
ETH,1.25e-05,-0.0003348846,1761861600092,2025-10-30 22:00:00.092,ETH,hyperliquid,DEX,False,0.0
ETH,1.25e-05,-0.0003105773,1761865200006,2025-10-30 23:00:00.006,ETH,hyperliquid,DEX,False,0.0
ETH,1.25e-05,-0.0002588288,1761868800006,2025-10-31 00:00:00.006,ETH,hyperliquid,DEX,False,0.0
ETH,1.25e-05,-0.0002433118,1761872400082,2025-10-31 01:00:00.082,ETH,hyperliquid,DEX,False,0.0
ETH,1.25e-05,-0.0002300726,1761876000068,2025-10-31 02:00:00.068,ETH,hyperliquid,DEX,False,0.0
ETH,1.25e-05,-0.0002014652,1761879600072,2025-10-31 03:00:00.072,ETH,hyperliquid,DEX,False,0.0
ETH,1.25e-05,-0.0002276182,1761883200038,2025-10-31 04:00:00.038,ETH,hyperliquid,DEX,False,0.0
ETH,1.25e-05,-0.0001824396,1761886800105,2025-10-31 05:00:00.105,ETH,hyperliquid,DEX,False,0.0
ETH,1.25e-05,-0.0002443079,1761890400081,2025-10-31 06:00:00.081,ETH,hyperliquid,DEX,False,0.0
ETH,1.25e-05,-0.0002911553,1761894000066,2025-10-31 07:00:00.066,ETH,hyperliquid,DEX,False,0.0
ETH,1.25e-05,-0.0003548575,1761897600065,2025-10-31 08:00:00.065,ETH,hyperliquid,DEX,False,0.0
ETH,1.25e-05,-0.0003689069,1761901200071,2025-10-31 09:00:00.071,ETH,hyperliquid,DEX,False,0.0
ETH,1.25e-05,-0.0003128188,1761904800002,2025-10-31 10:00:00.002,ETH,hyperliquid,DEX,False,0.0
ETH,1.25e-05,-0.0003753516,1761908400027,2025-10-31 11:00:00.027,ETH,hyperliquid,DEX,False,0.0
ETH,1.25e-05,-0.0003776815,1761912000145,2025-10-31 12:00:00.145,ETH,hyperliquid,DEX,False,0.0
ETH,1.25e-05,-0.0003291344,1761915600016,2025-10-31 13:00:00.016,ETH,hyperliquid,DEX,False,0.0
ETH,1.25e-05,-0.0003828677,1761919200066,2025-10-31 14:00:00.066,ETH,hyperliquid,DEX,False,0.0
ETH,4.0784e-06,-0.0004673729,1761922800074,2025-10-31 15:00:00.074,ETH,hyperliquid,DEX,False,0.0
ETH,4.83e-08,-0.0004996139,1761926400068,2025-10-31 16:00:00.068,ETH,hyperliquid,DEX,False,0.0
ETH,-1.0665e-06,-0.0005085317,1761930000021,2025-10-31 17:00:00.021,ETH,hyperliquid,DEX,False,0.0
ETH,7.6828e-06,-0.0004385376,1761933600067,2025-10-31 18:00:00.067,ETH,hyperliquid,DEX,False,0.0
ETH,8.2971e-06,-0.0004336236,1761937200009,2025-10-31 19:00:00.009,ETH,hyperliquid,DEX,False,0.0
ETH,1.25e-05,-0.0003957004,1761940800030,2025-10-31 20:00:00.030,ETH,hyperliquid,DEX,False,0.0
ETH,8.4196e-06,-0.0004326435,1761944400040,2025-10-31 21:00:00.040,ETH,hyperliquid,DEX,False,0.0
ETH,5.3065e-06,-0.0004575477,1761948000089,2025-10-31 22:00:00.089,ETH,hyperliquid,DEX,False,0.0
ETH,5.2802e-06,-0.0004577588,1761951600037,2025-10-31 23:00:00.037,ETH,hyperliquid,DEX,False,0.0
ETH,4.041e-07,-0.0004967672,1761955200078,2025-11-01 00:00:00.078,ETH,hyperliquid,DEX,False,0.0
ETH,1.7368e-06,-0.000486106,1761958800002,2025-11-01 01:00:00.002,ETH,hyperliquid,DEX,False,0.0
ETH,5.6422e-06,-0.0004548625,1761962400000,2025-11-01 02:00:00.000,ETH,hyperliquid,DEX,False,0.0
ETH,2.5859e-06,-0.000479313,1761966000108,2025-11-01 03:00:00.108,ETH,hyperliquid,DEX,False,0.0
ETH,5.0148e-06,-0.0004598819,1761969600053,2025-11-01 04:00:00.053,ETH,hyperliquid,DEX,False,0.0
ETH,5.1641e-06,-0.0004586875,1761973200085,2025-11-01 05:00:00.085,ETH,hyperliquid,DEX,False,0.0
ETH,4.4067e-06,-0.0004647463,1761976800046,2025-11-01 06:00:00.046,ETH,hyperliquid,DEX,False,0.0
ETH,3.3868e-06,-0.0004729054,1761980400032,2025-11-01 07:00:00.032,ETH,hyperliquid,DEX,False,0.0
ETH,7.312e-06,-0.0004415037,1761984000039,2025-11-01 08:00:00.039,ETH,hyperliquid,DEX,False,0.0
ETH,4.2726e-06,-0.0004658195,1761987600075,2025-11-01 09:00:00.075,ETH,hyperliquid,DEX,False,0.0
ETH,4.4e-07,-0.0004964803,1761991200010,2025-11-01 10:00:00.010,ETH,hyperliquid,DEX,False,0.0
ETH,2.5115e-06,-0.0004799084,1761994800062,2025-11-01 11:00:00.062,ETH,hyperliquid,DEX,False,0.0
ETH,6.8407e-06,-0.000445274,1761998400072,2025-11-01 12:00:00.072,ETH,hyperliquid,DEX,False,0.0
ETH,6.0439e-06,-0.0004516491,1762002000047,2025-11-01 13:00:00.047,ETH,hyperliquid,DEX,False,0.0
ETH,5.1198e-06,-0.0004590417,1762005600013,2025-11-01 14:00:00.013,ETH,hyperliquid,DEX,False,0.0
ETH,6.11e-07,-0.0004951118,1762009200106,2025-11-01 15:00:00.106,ETH,hyperliquid,DEX,False,0.0
ETH,-7.016e-07,-0.0005056132,1762012800044,2025-11-01 16:00:00.044,ETH,hyperliquid,DEX,False,0.0
ETH,5.1047e-06,-0.0004591627,1762016400100,2025-11-01 17:00:00.100,ETH,hyperliquid,DEX,False,0.0
ETH,5.983e-06,-0.0004521362,1762020000005,2025-11-01 18:00:00.005,ETH,hyperliquid,DEX,False,0.0
ETH,1.7198e-06,-0.0004862413,1762023600116,2025-11-01 19:00:00.116,ETH,hyperliquid,DEX,False,0.0
ETH,4.4172e-06,-0.0004646624,1762027200002,2025-11-01 20:00:00.002,ETH,hyperliquid,DEX,False,0.0
ETH,9.8339e-06,-0.0004213286,1762030800008,2025-11-01 21:00:00.008,ETH,hyperliquid,DEX,False,0.0
ETH,5.4282e-06,-0.0004565746,1762034400031,2025-11-01 22:00:00.031,ETH,hyperliquid,DEX,False,0.0
ETH,7.2258e-06,-0.0004421933,1762038000014,2025-11-01 23:00:00.014,ETH,hyperliquid,DEX,False,0.0
ETH,6.7438e-06,-0.0004460493,1762041600094,2025-11-02 00:00:00.094,ETH,hyperliquid,DEX,False,0.0
ETH,5.6387e-06,-0.0004548903,1762045200000,2025-11-02 01:00:00.000,ETH,hyperliquid,DEX,False,0.0
ETH,4.0959e-06,-0.0004672329,1762048800052,2025-11-02 02:00:00.052,ETH,hyperliquid,DEX,False,0.0
ETH,6.5055e-06,-0.0004479563,1762052400004,2025-11-02 03:00:00.004,ETH,hyperliquid,DEX,False,0.0
ETH,5.4661e-06,-0.0004562715,1762056000012,2025-11-02 04:00:00.012,ETH,hyperliquid,DEX,False,0.0
ETH,6.2838e-06,-0.0004497299,1762059600099,2025-11-02 05:00:00.099,ETH,hyperliquid,DEX,False,0.0
ETH,8.698e-06,-0.000430416,1762063200007,2025-11-02 06:00:00.007,ETH,hyperliquid,DEX,False,0.0
ETH,7.097e-06,-0.0004432236,1762066800053,2025-11-02 07:00:00.053,ETH,hyperliquid,DEX,False,0.0
ETH,1.25e-05,-0.0003761929,1762070400040,2025-11-02 08:00:00.040,ETH,hyperliquid,DEX,False,0.0
ETH,1.25e-05,-0.0003851585,1762074000053,2025-11-02 09:00:00.053,ETH,hyperliquid,DEX,False,0.0
ETH,1.25e-05,-0.0003899211,1762077600020,2025-11-02 10:00:00.020,ETH,hyperliquid,DEX,False,0.0
ETH,9.6147e-06,-0.0004230828,1762081200019,2025-11-02 11:00:00.019,ETH,hyperliquid,DEX,False,0.0
ETH,4.2184e-06,-0.0004662531,1762084800027,2025-11-02 12:00:00.027,ETH,hyperliquid,DEX,False,0.0
ETH,3.9738e-06,-0.0004682097,1762088400003,2025-11-02 13:00:00.003,ETH,hyperliquid,DEX,False,0.0
ETH,1.3301e-06,-0.0004893594,1762092000057,2025-11-02 14:00:00.057,ETH,hyperliquid,DEX,False,0.0
ETH,-3.666e-07,-0.0005029324,1762095600055,2025-11-02 15:00:00.055,ETH,hyperliquid,DEX,False,0.0
ETH,1.3415e-06,-0.000489268,1762099200038,2025-11-02 16:00:00.038,ETH,hyperliquid,DEX,False,0.0
ETH,5.2373e-06,-0.0004581014,1762102800043,2025-11-02 17:00:00.043,ETH,hyperliquid,DEX,False,0.0
ETH,7.2676e-06,-0.0004418595,1762106400014,2025-11-02 18:00:00.014,ETH,hyperliquid,DEX,False,0.0
ETH,7.5613e-06,-0.0004395099,1762110000050,2025-11-02 19:00:00.050,ETH,hyperliquid,DEX,False,0.0
ETH,5.3397e-06,-0.0004572825,1762113600024,2025-11-02 20:00:00.024,ETH,hyperliquid,DEX,False,0.0
ETH,6.9957e-06,-0.000444034,1762117200063,2025-11-02 21:00:00.063,ETH,hyperliquid,DEX,False,0.0
ETH,7.1318e-06,-0.0004429455,1762120800055,2025-11-02 22:00:00.055,ETH,hyperliquid,DEX,False,0.0
ETH,2.3434e-06,-0.0004812529,1762124400127,2025-11-02 23:00:00.127,ETH,hyperliquid,DEX,False,0.0
ETH,6.5972e-06,-0.0004472227,1762128000108,2025-11-03 00:00:00.108,ETH,hyperliquid,DEX,False,0.0
ETH,-2.042e-06,-0.0005163363,1762131600005,2025-11-03 01:00:00.005,ETH,hyperliquid,DEX,False,0.0
ETH,1.2713e-06,-0.0004898298,1762135200074,2025-11-03 02:00:00.074,ETH,hyperliquid,DEX,False,0.0
ETH,3.5508e-06,-0.0004715937,1762138800048,2025-11-03 03:00:00.048,ETH,hyperliquid,DEX,False,0.0
ETH,-5.392e-06,-0.0005431359,1762142400069,2025-11-03 04:00:00.069,ETH,hyperliquid,DEX,False,0.0
ETH,-4.8928e-06,-0.0005391427,1762146000062,2025-11-03 05:00:00.062,ETH,hyperliquid,DEX,False,0.0
ETH,4.5061e-06,-0.0004639513,1762149600081,2025-11-03 06:00:00.081,ETH,hyperliquid,DEX,False,0.0
ETH,-3.776e-06,-0.0005302081,1762153200041,2025-11-03 07:00:00.041,ETH,hyperliquid,DEX,False,0.0
ETH,2.4255e-06,-0.000480596,1762156800009,2025-11-03 08:00:00.009,ETH,hyperliquid,DEX,False,0.0
ETH,2.6379e-06,-0.0004788968,1762160400014,2025-11-03 09:00:00.014,ETH,hyperliquid,DEX,False,0.0
ETH,4.8081e-06,-0.0004615355,1762164000019,2025-11-03 10:00:00.019,ETH,hyperliquid,DEX,False,0.0
ETH,5.3387e-06,-0.0004572907,1762167600065,2025-11-03 11:00:00.065,ETH,hyperliquid,DEX,False,0.0
ETH,3.695e-06,-0.0004704403,1762171200073,2025-11-03 12:00:00.073,ETH,hyperliquid,DEX,False,0.0
ETH,4.8538e-06,-0.0004611698,1762174800022,2025-11-03 13:00:00.022,ETH,hyperliquid,DEX,False,0.0
ETH,9.32e-06,-0.0004254402,1762178400040,2025-11-03 14:00:00.040,ETH,hyperliquid,DEX,False,0.0
ETH,-1.06274e-05,-0.0005850195,1762182000059,2025-11-03 15:00:00.059,ETH,hyperliquid,DEX,False,0.0
ETH,-3.5011e-05,-0.0007800879,1762185600024,2025-11-03 16:00:00.024,ETH,hyperliquid,DEX,False,0.0
ETH,-4.5368e-06,-0.0005362948,1762189200019,2025-11-03 17:00:00.019,ETH,hyperliquid,DEX,False,0.0
ETH,1.21217e-05,-0.0004030262,1762192800009,2025-11-03 18:00:00.009,ETH,hyperliquid,DEX,False,0.0
ETH,1.2818e-06,-0.0004897454,1762196400094,2025-11-03 19:00:00.094,ETH,hyperliquid,DEX,False,0.0
ETH,1.5e-09,-0.0004999876,1762200000046,2025-11-03 20:00:00.046,ETH,hyperliquid,DEX,False,0.0
ETH,7.554e-07,-0.0004939571,1762203600000,2025-11-03 21:00:00.000,ETH,hyperliquid,DEX,False,0.0
ETH,-6.9e-07,-0.0005055201,1762207200013,2025-11-03 22:00:00.013,ETH,hyperliquid,DEX,False,0.0
ETH,-3.2333e-06,-0.0005258666,1762210800040,2025-11-03 23:00:00.040,ETH,hyperliquid,DEX,False,0.0
ETH,3.5416e-06,-0.0004716669,1762214400009,2025-11-04 00:00:00.009,ETH,hyperliquid,DEX,False,0.0
ETH,6.4303e-06,-0.000448558,1762218000022,2025-11-04 01:00:00.022,ETH,hyperliquid,DEX,False,0.0
ETH,7.6148e-06,-0.0004390812,1762221600049,2025-11-04 02:00:00.049,ETH,hyperliquid,DEX,False,0.0
ETH,3.021e-07,-0.0004975834,1762225200014,2025-11-04 03:00:00.014,ETH,hyperliquid,DEX,False,0.0
ETH,4.4072e-06,-0.0004647424,1762228800074,2025-11-04 04:00:00.074,ETH,hyperliquid,DEX,False,0.0
ETH,9.207e-07,-0.0004926341,1762232400042,2025-11-04 05:00:00.042,ETH,hyperliquid,DEX,False,0.0
ETH,-1.01849e-05,-0.0005814796,1762236000054,2025-11-04 06:00:00.054,ETH,hyperliquid,DEX,False,0.0
ETH,-2.8941e-06,-0.0005231528,1762239600052,2025-11-04 07:00:00.052,ETH,hyperliquid,DEX,False,0.0
ETH,-7.91e-07,-0.0005063279,1762243200064,2025-11-04 08:00:00.064,ETH,hyperliquid,DEX,False,0.0
ETH,-7.48e-08,-0.0005005986,1762246800001,2025-11-04 09:00:00.001,ETH,hyperliquid,DEX,False,0.0
ETH,1.01916e-05,-0.0004184674,1762250400042,2025-11-04 10:00:00.042,ETH,hyperliquid,DEX,False,0.0
ETH,1.05058e-05,-0.0004159533,1762254000018,2025-11-04 11:00:00.018,ETH,hyperliquid,DEX,False,0.0
ETH,1.25e-05,-0.0003751413,1762257600053,2025-11-04 12:00:00.053,ETH,hyperliquid,DEX,False,0.0
ETH,1.25e-05,-0.0003447684,1762261200065,2025-11-04 13:00:00.065,ETH,hyperliquid,DEX,False,0.0
ETH,1.25e-05,-0.0003871956,1762264800077,2025-11-04 14:00:00.077,ETH,hyperliquid,DEX,False,0.0
ETH,7.969e-06,-0.0004362484,1762268400003,2025-11-04 15:00:00.003,ETH,hyperliquid,DEX,False,0.0
ETH,8.7773e-06,-0.0004297812,1762272000000,2025-11-04 16:00:00.000,ETH,hyperliquid,DEX,False,0.0
ETH,2.6686e-06,-0.0004786515,1762275600006,2025-11-04 17:00:00.006,ETH,hyperliquid,DEX,False,0.0
ETH,-5.11808e-05,-0.0009094466,1762279200062,2025-11-04 18:00:00.062,ETH,hyperliquid,DEX,False,0.0
ETH,-2.86118e-05,-0.0007288946,1762282800079,2025-11-04 19:00:00.079,ETH,hyperliquid,DEX,False,0.0
ETH,1.25e-05,-0.0003978222,1762286400059,2025-11-04 20:00:00.059,ETH,hyperliquid,DEX,False,0.0
ETH,-6.1965e-06,-0.0005495721,1762290000034,2025-11-04 21:00:00.034,ETH,hyperliquid,DEX,False,0.0
ETH,4.8888e-06,-0.0004608896,1762293600024,2025-11-04 22:00:00.024,ETH,hyperliquid,DEX,False,0.0
ETH,1.25e-05,-0.0002776872,1762297200105,2025-11-04 23:00:00.105,ETH,hyperliquid,DEX,False,0.0
ETH,1.25e-05,-0.0002713426,1762300800005,2025-11-05 00:00:00.005,ETH,hyperliquid,DEX,False,0.0
ETH,7.2428e-06,-0.0004420579,1762304400045,2025-11-05 01:00:00.045,ETH,hyperliquid,DEX,False,0.0
ETH,2.9758e-06,-0.0004761937,1762308000095,2025-11-05 02:00:00.095,ETH,hyperliquid,DEX,False,0.0
ETH,9.9857e-06,-0.0004201146,1762311600037,2025-11-05 03:00:00.037,ETH,hyperliquid,DEX,False,0.0
ETH,7.6182e-06,-0.0004390548,1762315200029,2025-11-05 04:00:00.029,ETH,hyperliquid,DEX,False,0.0
ETH,3.5844e-06,-0.0004713245,1762318800020,2025-11-05 05:00:00.020,ETH,hyperliquid,DEX,False,0.0
ETH,1.8315e-06,-0.0004853479,1762322400033,2025-11-05 06:00:00.033,ETH,hyperliquid,DEX,False,0.0
ETH,-3.667e-07,-0.0005029337,1762326000044,2025-11-05 07:00:00.044,ETH,hyperliquid,DEX,False,0.0
ETH,-6.11e-07,-0.0005048882,1762329600051,2025-11-05 08:00:00.051,ETH,hyperliquid,DEX,False,0.0
ETH,4.3861e-06,-0.0004649113,1762333200029,2025-11-05 09:00:00.029,ETH,hyperliquid,DEX,False,0.0
ETH,1.9588e-06,-0.0004843294,1762336800009,2025-11-05 10:00:00.009,ETH,hyperliquid,DEX,False,0.0
ETH,-5.376e-07,-0.0005043007,1762340400001,2025-11-05 11:00:00.001,ETH,hyperliquid,DEX,False,0.0
ETH,2.2948e-06,-0.0004816418,1762344000024,2025-11-05 12:00:00.024,ETH,hyperliquid,DEX,False,0.0
ETH,6.169e-06,-0.0004506477,1762347600088,2025-11-05 13:00:00.088,ETH,hyperliquid,DEX,False,0.0
ETH,1.25e-05,-0.0003838747,1762351200043,2025-11-05 14:00:00.043,ETH,hyperliquid,DEX,False,0.0
ETH,-2.6763e-06,-0.0005214102,1762354800072,2025-11-05 15:00:00.072,ETH,hyperliquid,DEX,False,0.0
ETH,-3.0877e-06,-0.0005247015,1762358400017,2025-11-05 16:00:00.017,ETH,hyperliquid,DEX,False,0.0
ETH,1.25e-05,-0.000347218,1762362000026,2025-11-05 17:00:00.026,ETH,hyperliquid,DEX,False,0.0
ETH,1.25e-05,-0.0002709013,1762365600042,2025-11-05 18:00:00.042,ETH,hyperliquid,DEX,False,0.0
ETH,1.25e-05,-0.0002164826,1762369200000,2025-11-05 19:00:00.000,ETH,hyperliquid,DEX,False,0.0
ETH,1.25e-05,-0.0001761476,1762372800000,2025-11-05 20:00:00.000,ETH,hyperliquid,DEX,False,0.0
ETH,1.25e-05,-0.0002337732,1762376400095,2025-11-05 21:00:00.095,ETH,hyperliquid,DEX,False,0.0
ETH,1.25e-05,-0.0002871174,1762380000015,2025-11-05 22:00:00.015,ETH,hyperliquid,DEX,False,0.0
ETH,1.25e-05,-0.0002778379,1762383600000,2025-11-05 23:00:00.000,ETH,hyperliquid,DEX,False,0.0
ETH,1.25e-05,-0.0002361366,1762387200097,2025-11-06 00:00:00.097,ETH,hyperliquid,DEX,False,0.0
ETH,1.25e-05,-0.0003084036,1762390800003,2025-11-06 01:00:00.003,ETH,hyperliquid,DEX,False,0.0
ETH,1.25e-05,-0.0002893663,1762394400026,2025-11-06 02:00:00.026,ETH,hyperliquid,DEX,False,0.0
ETH,1.25e-05,-0.000133739,1762398000007,2025-11-06 03:00:00.007,ETH,hyperliquid,DEX,False,0.0
ETH,1.25e-05,-0.0001575128,1762401600087,2025-11-06 04:00:00.087,ETH,hyperliquid,DEX,False,0.0
ETH,1.25e-05,-0.0000603516,1762405200131,2025-11-06 05:00:00.131,ETH,hyperliquid,DEX,False,0.0
ETH,1.25e-05,-0.000079792,1762408800042,2025-11-06 06:00:00.042,ETH,hyperliquid,DEX,False,0.0
ETH,1.25e-05,-0.0001646858,1762412400071,2025-11-06 07:00:00.071,ETH,hyperliquid,DEX,False,0.0
ETH,1.25e-05,-0.0002159425,1762416000018,2025-11-06 08:00:00.018,ETH,hyperliquid,DEX,False,0.0
ETH,1.25e-05,-0.0001865789,1762419600140,2025-11-06 09:00:00.140,ETH,hyperliquid,DEX,False,0.0
ETH,1.25e-05,-0.000204288,1762423200001,2025-11-06 10:00:00.001,ETH,hyperliquid,DEX,False,0.0
ETH,1.25e-05,-0.0002057825,1762426800102,2025-11-06 11:00:00.102,ETH,hyperliquid,DEX,False,0.0
ETH,1.25e-05,-0.0001775764,1762430400043,2025-11-06 12:00:00.043,ETH,hyperliquid,DEX,False,0.0
ETH,1.25e-05,-0.0002550686,1762434000022,2025-11-06 13:00:00.022,ETH,hyperliquid,DEX,False,0.0
ETH,1.25e-05,-0.0002843925,1762437600005,2025-11-06 14:00:00.005,ETH,hyperliquid,DEX,False,0.0
ETH,1.25e-05,-0.0003794327,1762441200021,2025-11-06 15:00:00.021,ETH,hyperliquid,DEX,False,0.0
ETH,8.5408e-06,-0.0004316735,1762444800024,2025-11-06 16:00:00.024,ETH,hyperliquid,DEX,False,0.0
ETH,-2.0206e-05,-0.0006616478,1762448400081,2025-11-06 17:00:00.081,ETH,hyperliquid,DEX,False,0.0
ETH,3.1088e-06,-0.0004751297,1762452000040,2025-11-06 18:00:00.040,ETH,hyperliquid,DEX,False,0.0
ETH,2.5144e-06,-0.0004798846,1762455600042,2025-11-06 19:00:00.042,ETH,hyperliquid,DEX,False,0.0
ETH,4.2083e-06,-0.0004663339,1762459200018,2025-11-06 20:00:00.018,ETH,hyperliquid,DEX,False,0.0
ETH,-4.147e-07,-0.0005033174,1762462800048,2025-11-06 21:00:00.048,ETH,hyperliquid,DEX,False,0.0
ETH,1.06054e-05,-0.0004151571,1762466400027,2025-11-06 22:00:00.027,ETH,hyperliquid,DEX,False,0.0
ETH,7.7968e-06,-0.0004376258,1762470000047,2025-11-06 23:00:00.047,ETH,hyperliquid,DEX,False,0.0
ETH,-1.654e-07,-0.000501323,1762473600115,2025-11-07 00:00:00.115,ETH,hyperliquid,DEX,False,0.0
ETH,1.1815e-06,-0.0004905477,1762477200033,2025-11-07 01:00:00.033,ETH,hyperliquid,DEX,False,0.0
ETH,-3.0161e-06,-0.0005241286,1762480800013,2025-11-07 02:00:00.013,ETH,hyperliquid,DEX,False,0.0
ETH,2.2723e-06,-0.0004818213,1762484400014,2025-11-07 03:00:00.014,ETH,hyperliquid,DEX,False,0.0
ETH,1.25e-05,-0.00033694,1762488000064,2025-11-07 04:00:00.064,ETH,hyperliquid,DEX,False,0.0
ETH,1.25e-05,-0.0003002813,1762491600056,2025-11-07 05:00:00.056,ETH,hyperliquid,DEX,False,0.0
ETH,1.25e-05,-0.0003324631,1762495200072,2025-11-07 06:00:00.072,ETH,hyperliquid,DEX,False,0.0
ETH,1.25e-05,-0.0003673209,1762498800016,2025-11-07 07:00:00.016,ETH,hyperliquid,DEX,False,0.0
ETH,-1.439e-06,-0.0005115117,1762502400013,2025-11-07 08:00:00.013,ETH,hyperliquid,DEX,False,0.0
ETH,4.2748e-06,-0.000465802,1762506000038,2025-11-07 09:00:00.038,ETH,hyperliquid,DEX,False,0.0
ETH,1.25e-05,-0.0003896184,1762509600027,2025-11-07 10:00:00.027,ETH,hyperliquid,DEX,False,0.0
ETH,1.12929e-05,-0.0004096569,1762513200002,2025-11-07 11:00:00.002,ETH,hyperliquid,DEX,False,0.0
ETH,-6.9217e-06,-0.0005553733,1762516800029,2025-11-07 12:00:00.029,ETH,hyperliquid,DEX,False,0.0
ETH,-4.4137e-06,-0.0005353098,1762520400135,2025-11-07 13:00:00.135,ETH,hyperliquid,DEX,False,0.0
ETH,-3.7969e-06,-0.0005303753,1762524000085,2025-11-07 14:00:00.085,ETH,hyperliquid,DEX,False,0.0
ETH,2.8921e-06,-0.0004768633,1762527600034,2025-11-07 15:00:00.034,ETH,hyperliquid,DEX,False,0.0
ETH,1.25e-05,-0.000327126,1762531200018,2025-11-07 16:00:00.018,ETH,hyperliquid,DEX,False,0.0
ETH,1.25e-05,-0.0003917576,1762534800021,2025-11-07 17:00:00.021,ETH,hyperliquid,DEX,False,0.0
ETH,1.25e-05,-0.0003694915,1762538400079,2025-11-07 18:00:00.079,ETH,hyperliquid,DEX,False,0.0
ETH,1.25e-05,-0.0002706072,1762542000010,2025-11-07 19:00:00.010,ETH,hyperliquid,DEX,False,0.0
ETH,1.25e-05,-0.0002030393,1762545600026,2025-11-07 20:00:00.026,ETH,hyperliquid,DEX,False,0.0
ETH,1.25e-05,-0.0002793853,1762549200021,2025-11-07 21:00:00.021,ETH,hyperliquid,DEX,False,0.0
ETH,1.25e-05,-0.0001189266,1762552800043,2025-11-07 22:00:00.043,ETH,hyperliquid,DEX,False,0.0
ETH,1.25e-05,-0.000214292,1762556400141,2025-11-07 23:00:00.141,ETH,hyperliquid,DEX,False,0.0
ETH,1.25e-05,-0.0002485091,1762560000094,2025-11-08 00:00:00.094,ETH,hyperliquid,DEX,False,0.0
ETH,1.25e-05,-0.0003214435,1762563600067,2025-11-08 01:00:00.067,ETH,hyperliquid,DEX,False,0.0
ETH,1.25e-05,-0.0003593251,1762567200022,2025-11-08 02:00:00.022,ETH,hyperliquid,DEX,False,0.0
ETH,1.25e-05,-0.0003319274,1762570800023,2025-11-08 03:00:00.023,ETH,hyperliquid,DEX,False,0.0
ETH,1.25e-05,-0.0001505689,1762574400013,2025-11-08 04:00:00.013,ETH,hyperliquid,DEX,False,0.0
ETH,1.25e-05,-0.0000210402,1762578000085,2025-11-08 05:00:00.085,ETH,hyperliquid,DEX,False,0.0
ETH,1.25e-05,-0.0000922073,1762581600078,2025-11-08 06:00:00.078,ETH,hyperliquid,DEX,False,0.0
ETH,1.25e-05,-0.0001188586,1762585200036,2025-11-08 07:00:00.036,ETH,hyperliquid,DEX,False,0.0
ETH,1.25e-05,-0.0000698646,1762588800058,2025-11-08 08:00:00.058,ETH,hyperliquid,DEX,False,0.0
ETH,1.25e-05,-0.0000171983,1762592400085,2025-11-08 09:00:00.085,ETH,hyperliquid,DEX,False,0.0
ETH,1.25e-05,-0.000046303,1762596000029,2025-11-08 10:00:00.029,ETH,hyperliquid,DEX,False,0.0
ETH,1.25e-05,-0.0001008565,1762599600034,2025-11-08 11:00:00.034,ETH,hyperliquid,DEX,False,0.0
ETH,1.25e-05,-0.0001031413,1762603200091,2025-11-08 12:00:00.091,ETH,hyperliquid,DEX,False,0.0
ETH,1.25e-05,-0.0001403247,1762606800036,2025-11-08 13:00:00.036,ETH,hyperliquid,DEX,False,0.0
ETH,1.25e-05,-0.0001221752,1762610400019,2025-11-08 14:00:00.019,ETH,hyperliquid,DEX,False,0.0
ETH,1.25e-05,-0.0001337275,1762614000056,2025-11-08 15:00:00.056,ETH,hyperliquid,DEX,False,0.0
ETH,1.25e-05,-0.0001050345,1762617600029,2025-11-08 16:00:00.029,ETH,hyperliquid,DEX,False,0.0
ETH,1.25e-05,-0.0001229423,1762621200024,2025-11-08 17:00:00.024,ETH,hyperliquid,DEX,False,0.0
ETH,1.25e-05,-0.0001033605,1762624800085,2025-11-08 18:00:00.085,ETH,hyperliquid,DEX,False,0.0
ETH,1.25e-05,-0.000070667,1762628400082,2025-11-08 19:00:00.082,ETH,hyperliquid,DEX,False,0.0
ETH,1.25e-05,-0.0000203529,1762632000100,2025-11-08 20:00:00.100,ETH,hyperliquid,DEX,False,0.0
ETH,1.25e-05,-0.0000676293,1762635600090,2025-11-08 21:00:00.090,ETH,hyperliquid,DEX,False,0.0
ETH,1.25e-05,-0.0000598314,1762639200035,2025-11-08 22:00:00.035,ETH,hyperliquid,DEX,False,0.0
ETH,1.25e-05,-0.0000760142,1762642800043,2025-11-08 23:00:00.043,ETH,hyperliquid,DEX,False,0.0
ETH,1.25e-05,-0.0000639945,1762646400028,2025-11-09 00:00:00.028,ETH,hyperliquid,DEX,False,0.0
ETH,1.25e-05,-0.0001135611,1762650000002,2025-11-09 01:00:00.002,ETH,hyperliquid,DEX,False,0.0
ETH,1.25e-05,-0.0001192861,1762653600185,2025-11-09 02:00:00.185,ETH,hyperliquid,DEX,False,0.0
ETH,1.25e-05,-0.0001498011,1762657200067,2025-11-09 03:00:00.067,ETH,hyperliquid,DEX,False,0.0
ETH,1.25e-05,-0.0000989611,1762660800004,2025-11-09 04:00:00.004,ETH,hyperliquid,DEX,False,0.0
ETH,1.25e-05,-0.000290656,1762664400022,2025-11-09 05:00:00.022,ETH,hyperliquid,DEX,False,0.0
ETH,1.25e-05,-0.0003829214,1762668000090,2025-11-09 06:00:00.090,ETH,hyperliquid,DEX,False,0.0
ETH,1.25e-05,-0.0003836168,1762671600058,2025-11-09 07:00:00.058,ETH,hyperliquid,DEX,False,0.0
ETH,1.25e-05,-0.0003315844,1762675200038,2025-11-09 08:00:00.038,ETH,hyperliquid,DEX,False,0.0
ETH,1.25e-05,-0.0002902331,1762678800012,2025-11-09 09:00:00.012,ETH,hyperliquid,DEX,False,0.0
ETH,1.25e-05,-0.000274057,1762682400045,2025-11-09 10:00:00.045,ETH,hyperliquid,DEX,False,0.0
ETH,1.25e-05,-0.0002597422,1762686000046,2025-11-09 11:00:00.046,ETH,hyperliquid,DEX,False,0.0
ETH,1.25e-05,-0.000114425,1762689600040,2025-11-09 12:00:00.040,ETH,hyperliquid,DEX,False,0.0
ETH,1.25e-05,-0.0001545739,1762693200061,2025-11-09 13:00:00.061,ETH,hyperliquid,DEX,False,0.0
ETH,1.25e-05,-0.0002011115,1762696800027,2025-11-09 14:00:00.027,ETH,hyperliquid,DEX,False,0.0
ETH,1.25e-05,-0.0002284577,1762700400050,2025-11-09 15:00:00.050,ETH,hyperliquid,DEX,False,0.0
ETH,1.25e-05,-0.0001633133,1762704000039,2025-11-09 16:00:00.039,ETH,hyperliquid,DEX,False,0.0
ETH,1.25e-05,-0.0001284689,1762707600109,2025-11-09 17:00:00.109,ETH,hyperliquid,DEX,False,0.0
ETH,1.25e-05,-0.0001065018,1762711200052,2025-11-09 18:00:00.052,ETH,hyperliquid,DEX,False,0.0
ETH,1.25e-05,-0.0000735693,1762714800066,2025-11-09 19:00:00.066,ETH,hyperliquid,DEX,False,0.0
ETH,1.25e-05,-0.0000504132,1762718400007,2025-11-09 20:00:00.007,ETH,hyperliquid,DEX,False,0.0
ETH,1.25e-05,-0.0001164407,1762722000092,2025-11-09 21:00:00.092,ETH,hyperliquid,DEX,False,0.0
ETH,1.25e-05,-0.0001853526,1762725600073,2025-11-09 22:00:00.073,ETH,hyperliquid,DEX,False,0.0
ETH,1.25e-05,-0.0001716171,1762729200047,2025-11-09 23:00:00.047,ETH,hyperliquid,DEX,False,0.0
ETH,1.25e-05,-0.0001668625,1762732800049,2025-11-10 00:00:00.049,ETH,hyperliquid,DEX,False,0.0
