symbol,fundingTime,fundingRate,markPrice,source,has_interest_component,interest_rate_per_interval
ETHUSDT,2025-12-19 08:00:00.001,7.285e-05,2950.56593023,binance,True,0.0001
ETHUSDT,2025-12-19 16:00:00.000,9.196e-05,2963.53419006,binance,True,0.0001
ETHUSDT,2025-12-20 00:00:00.005,1.997e-05,2978.40965891,binance,True,0.0001
ETHUSDT,2025-12-20 08:00:00.000,1.909e-05,2980.30465891,binance,True,0.0001
ETHUSDT,2025-12-20 16:00:00.002,9.03e-06,2975.58,binance,True,0.0001
ETHUSDT,2025-12-21 00:00:00.000,1.836e-05,2976.54,binance,True,0.0001
ETHUSDT,2025-12-21 08:00:00.009,4.198e-05,2979.86175194,binance,True,0.0001
ETHUSDT,2025-12-21 16:00:00.000,3.37e-06,2973.41665891,binance,True,0.0001
ETHUSDT,2025-12-22 00:00:00.000,-2.332e-05,3000.72510853,binance,True,0.0001
ETHUSDT,2025-12-22 08:00:00.005,5.76e-06,3028.38,binance,True,0.0001
ETHUSDT,2025-12-22 16:00:00.009,-5.69e-06,3051.42631783,binance,True,0.0001
ETHUSDT,2025-12-23 00:00:00.000,3.812e-05,3008.1,binance,True,0.0001
ETHUSDT,2025-12-23 08:00:00.000,6.79e-05,2963.57,binance,True,0.0001
ETHUSDT,2025-12-23 16:00:00.001,2.64e-05,2927.74589922,binance,True,0.0001
ETHUSDT,2025-12-24 00:00:00.001,2.584e-05,2963.29,binance,True,0.0001
ETHUSDT,2025-12-24 08:00:00.001,6.186e-05,2931.36,binance,True,0.0001
ETHUSDT,2025-12-24 16:00:00.000,5.629e-05,2924.43882171,binance,True,0.0001
ETHUSDT,2025-12-25 00:00:00.000,6.527e-05,2946.23,binance,True,0.0001
ETHUSDT,2025-12-25 08:00:00.001,6.688e-05,2940.84,binance,True,0.0001
ETHUSDT,2025-12-25 16:00:00.005,4.97e-05,2959.48,binance,True,0.0001
ETHUSDT,2025-12-26 00:00:00.004,5.028e-05,2902.63771318,binance,True,0.0001
ETHUSDT,2025-12-26 08:00:00.001,6.473e-05,2955.52842636,binance,True,0.0001
ETHUSDT,2025-12-26 16:00:00.007,3.451e-05,2921.51,binance,True,0.0001
ETHUSDT,2025-12-27 00:00:00.000,4.038e-05,2926.82235365,binance,True,0.0001
ETHUSDT,2025-12-27 08:00:00.000,-5.19e-06,2931.47,binance,True,0.0001
ETHUSDT,2025-12-27 16:00:00.011,8.133e-05,2925.53,binance,True,0.0001
ETHUSDT,2025-12-28 00:00:00.008,5.105e-05,2947.61,binance,True,0.0001
ETHUSDT,2025-12-28 08:00:00.000,7.91e-05,2937.78866667,binance,True,0.0001
ETHUSDT,2025-12-28 16:00:00.000,4.862e-05,2948.08154264,binance,True,0.0001
ETHUSDT,2025-12-29 00:00:00.016,9.172e-05,2949.59,binance,True,0.0001
ETHUSDT,2025-12-29 08:00:00.001,8.496e-05,3018.46,binance,True,0.0001
ETHUSDT,2025-12-29 16:00:00.000,1.862e-05,2934.04247287,binance,True,0.0001
ETHUSDT,2025-12-30 00:00:00.005,-1.536e-05,2936.46,binance,True,0.0001
ETHUSDT,2025-12-30 08:00:00.001,3.92e-05,2949.50734964,binance,True,0.0001
ETHUSDT,2025-12-30 16:00:00.003,0.0001,2988.49,binance,True,0.0001
ETHUSDT,2025-12-31 00:00:00.004,5.157e-05,2972.28718605,binance,True,0.0001
ETHUSDT,2025-12-31 08:00:00.001,1.205e-05,2975.56608527,binance,True,0.0001
ETHUSDT,2025-12-31 16:00:00.001,3.527e-05,2984.3,binance,True,0.0001
ETHUSDT,2026-01-01 00:00:00.008,0.0001,2970.4651982,binance,True,0.0001
ETHUSDT,2026-01-01 08:00:00.002,8.799e-05,2977.34010078,binance,True,0.0001
ETHUSDT,2026-01-01 16:00:00.001,-5.6e-06,2988.45,binance,True,0.0001
ETHUSDT,2026-01-02 00:00:00.006,5.053e-05,3002.5,binance,True,0.0001
ETHUSDT,2026-01-02 08:00:00.007,3.09e-05,3016.99,binance,True,0.0001
ETHUSDT,2026-01-02 16:00:00.000,0.0001,3085.09,binance,True,0.0001
ETHUSDT,2026-01-03 00:00:00.001,5.187e-05,3123.89,binance,True,0.0001
ETHUSDT,2026-01-03 08:00:00.000,3.421e-05,3089.51,binance,True,0.0001
ETHUSDT,2026-01-03 16:00:00.000,3.231e-05,3099.91,binance,True,0.0001
ETHUSDT,2026-01-04 00:00:00.000,7.598e-05,3125.59455039,binance,True,0.0001
ETHUSDT,2026-01-04 08:00:00.000,2.12e-06,3139.60639535,binance,True,0.0001
ETHUSDT,2026-01-04 16:00:00.001,7.231e-05,3134.42257364,binance,True,0.0001
ETHUSDT,2026-01-05 00:00:00.000,7.926e-05,3143.75382171,binance,True,0.0001
ETHUSDT,2026-01-05 08:00:00.000,9.66e-06,3156.17,binance,True,0.0001
ETHUSDT,2026-01-05 16:00:00.000,5.085e-05,3195.50585806,binance,True,0.0001
ETHUSDT,2026-01-06 00:00:00.010,8.035e-05,3223.72,binance,True,0.0001
ETHUSDT,2026-01-06 08:00:00.000,6.876e-05,3218.05831783,binance,True,0.0001
ETHUSDT,2026-01-06 16:00:00.000,4.25e-05,3270.74,binance,True,0.0001
ETHUSDT,2026-01-07 00:00:00.001,7.658e-05,3295.45,binance,True,0.0001
ETHUSDT,2026-01-07 08:00:00.001,7.268e-05,3254.0,binance,True,0.0001
ETHUSDT,2026-01-07 16:00:00.001,3.902e-05,3163.52,binance,True,0.0001
ETHUSDT,2026-01-08 00:00:00.001,7.044e-05,3167.31,binance,True,0.0001
ETHUSDT,2026-01-08 08:00:00.000,7.658e-05,3126.43916279,binance,True,0.0001
ETHUSDT,2026-01-08 16:00:00.000,4.9e-07,3103.45,binance,True,0.0001
ETHUSDT,2026-01-09 00:00:00.003,6.634e-05,3105.14,binance,True,0.0001
ETHUSDT,2026-01-09 08:00:00.000,3.789e-05,3109.75,binance,True,0.0001
ETHUSDT,2026-01-09 16:00:00.001,5.562e-05,3111.39,binance,True,0.0001
ETHUSDT,2026-01-10 00:00:00.000,8.959e-05,3087.15,binance,True,0.0001
ETHUSDT,2026-01-10 08:00:00.002,0.0001,3091.5,binance,True,0.0001
ETHUSDT,2026-01-10 16:00:00.001,5.277e-05,3094.12,binance,True,0.0001
ETHUSDT,2026-01-11 00:00:00.003,9.824e-05,3085.47162016,binance,True,0.0001
ETHUSDT,2026-01-11 08:00:00.006,6.573e-05,3094.03,binance,True,0.0001
ETHUSDT,2026-01-11 16:00:00.000,5.876e-05,3117.21564341,binance,True,0.0001
ETHUSDT,2026-01-12 00:00:00.005,0.0001,3122.46500775,binance,True,0.0001
ETHUSDT,2026-01-12 08:00:00.000,3.472e-05,3133.95,binance,True,0.0001
ETHUSDT,2026-01-12 16:00:00.000,6.663e-05,3128.99,binance,True,0.0001
ETHUSDT,2026-01-13 00:00:00.007,4.704e-05,3093.98831783,binance,True,0.0001
ETHUSDT,2026-01-13 08:00:00.009,9.164e-05,3121.08,binance,True,0.0001
ETHUSDT,2026-01-13 16:00:00.002,2.672e-05,3183.1,binance,True,0.0001
ETHUSDT,2026-01-14 00:00:00.000,0.0001,3324.69,binance,True,0.0001
ETHUSDT,2026-01-14 08:00:00.001,0.0001,3334.88,binance,True,0.0001
ETHUSDT,2026-01-14 16:00:00.004,8.331e-05,3344.2,binance,True,0.0001
ETHUSDT,2026-01-15 00:00:00.000,5.358e-05,3353.28,binance,True,0.0001
ETHUSDT,2026-01-15 08:00:00.004,6.58e-06,3328.64,binance,True,0.0001
ETHUSDT,2026-01-15 16:00:00.002,9.722e-05,3330.13646124,binance,True,0.0001
ETHUSDT,2026-01-16 00:00:00.000,3.284e-05,3317.02828682,binance,True,0.0001
ETHUSDT,2026-01-16 08:00:00.000,3.558e-05,3308.16,binance,True,0.0001
ETHUSDT,2026-01-16 16:00:00.001,2.767e-05,3263.05,binance,True,0.0001
ETHUSDT,2026-01-17 00:00:00.000,8.371e-05,3294.69,binance,True,0.0001
ETHUSDT,2026-01-17 08:00:00.000,8.079e-05,3290.17573643,binance,True,0.0001
ETHUSDT,2026-01-17 16:00:00.002,6.017e-05,3328.13,binance,True,0.0001
ETHUSDT,2026-01-18 00:00:00.001,3.761e-05,3308.91089147,binance,True,0.0001
