coin,fundingRate,premium,fundingTime,source,has_interest_component,interest_rate_per_interval,symbol
ETH,6.5585e-06,-0.0004475317,2025-12-19 05:00:00.067,hyperliquid,False,0.0,ETH
ETH,9.8612e-06,-0.0004211102,2025-12-19 06:00:00.047,hyperliquid,False,0.0,ETH
ETH,9.4151e-06,-0.0004246794,2025-12-19 07:00:00.033,hyperliquid,False,0.0,ETH
ETH,8.7706e-06,-0.0004298356,2025-12-19 08:00:00.054,hyperliquid,False,0.0,ETH
ETH,3.7168e-06,-0.0004702657,2025-12-19 09:00:00.013,hyperliquid,False,0.0,ETH
ETH,6.0761e-06,-0.0004513912,2025-12-19 10:00:00.046,hyperliquid,False,0.0,ETH
ETH,5.2643e-06,-0.000457886,2025-12-19 11:00:00.006,hyperliquid,False,0.0,ETH
ETH,1.25e-05,-0.0003605791,2025-12-19 12:00:00.061,hyperliquid,False,0.0,ETH
ETH,1.0169e-05,-0.000418648,2025-12-19 13:00:00.006,hyperliquid,False,0.0,ETH
ETH,1.10938e-05,-0.0004112497,2025-12-19 14:00:00.026,hyperliquid,False,0.0,ETH
ETH,1.25e-05,-0.0003711522,2025-12-19 15:00:00.126,hyperliquid,False,0.0,ETH
ETH,1.23403e-05,-0.0004012773,2025-12-19 16:00:00.091,hyperliquid,False,0.0,ETH
ETH,1.17536e-05,-0.0004059716,2025-12-19 17:00:00.109,hyperliquid,False,0.0,ETH
ETH,1.25e-05,-0.0003703356,2025-12-19 18:00:00.025,hyperliquid,False,0.0,ETH
ETH,1.07544e-05,-0.0004139649,2025-12-19 19:00:00.014,hyperliquid,False,0.0,ETH
ETH,1.25e-05,-0.0003119477,2025-12-19 20:00:00.036,hyperliquid,False,0.0,ETH
ETH,1.25e-05,-0.0003212726,2025-12-19 21:00:00.021,hyperliquid,False,0.0,ETH
ETH,1.25e-05,-0.0002664231,2025-12-19 22:00:00.013,hyperliquid,False,0.0,ETH
ETH,1.25e-05,-0.0002447642,2025-12-19 23:00:00.045,hyperliquid,False,0.0,ETH
ETH,1.25e-05,-0.0003406327,2025-12-20 00:00:00.049,hyperliquid,False,0.0,ETH
ETH,1.25e-05,-0.0003528418,2025-12-20 01:00:00.054,hyperliquid,False,0.0,ETH
ETH,1.25e-05,-0.000377554,2025-12-20 02:00:00.052,hyperliquid,False,0.0,ETH
ETH,1.25e-05,-0.0003532381,2025-12-20 03:00:00.088,hyperliquid,False,0.0,ETH
ETH,1.25e-05,-0.0003435205,2025-12-20 04:00:00.068,hyperliquid,False,0.0,ETH
ETH,1.25e-05,-0.0003304775,2025-12-20 05:00:00.010,hyperliquid,False,0.0,ETH
ETH,1.25e-05,-0.0003105281,2025-12-20 06:00:00.061,hyperliquid,False,0.0,ETH
ETH,1.25e-05,-0.0003077765,2025-12-20 07:00:00.016,hyperliquid,False,0.0,ETH
ETH,1.25e-05,-0.0003393194,2025-12-20 08:00:00.027,hyperliquid,False,0.0,ETH
ETH,1.25e-05,-0.0002309892,2025-12-20 09:00:00.085,hyperliquid,False,0.0,ETH
ETH,1.25e-05,-0.000277725,2025-12-20 10:00:00.128,hyperliquid,False,0.0,ETH
ETH,1.25e-05,-0.0002991902,2025-12-20 11:00:00.020,hyperliquid,False,0.0,ETH
ETH,1.25e-05,-0.0003732135,2025-12-20 12:00:00.008,hyperliquid,False,0.0,ETH
ETH,1.25e-05,-0.0003902157,2025-12-20 13:00:00.029,hyperliquid,False,0.0,ETH
ETH,1.25e-05,-0.0003686879,2025-12-20 14:00:00.160,hyperliquid,False,0.0,ETH
ETH,1.24448e-05,-0.0004004418,2025-12-20 15:00:00.007,hyperliquid,False,0.0,ETH
ETH,9.4842e-06,-0.0004241268,2025-12-20 16:00:00.049,hyperliquid,False,0.0,ETH
ETH,8.7806e-06,-0.0004297553,2025-12-20 17:00:00.090,hyperliquid,False,0.0,ETH
ETH,8.2665e-06,-0.0004338683,2025-12-20 18:00:00.003,hyperliquid,False,0.0,ETH
ETH,5.321e-06,-0.0004574319,2025-12-20 19:00:00.040,hyperliquid,False,0.0,ETH
ETH,9.2978e-06,-0.0004256176,2025-12-20 20:00:00.009,hyperliquid,False,0.0,ETH
ETH,9.2269e-06,-0.0004261847,2025-12-20 21:00:00.059,hyperliquid,False,0.0,ETH
ETH,9.0576e-06,-0.0004275393,2025-12-20 22:00:00.093,hyperliquid,False,0.0,ETH
ETH,1.25e-05,-0.0003476348,2025-12-20 23:00:00.087,hyperliquid,False,0.0,ETH
ETH,1.25e-05,-0.0003590689,2025-12-21 00:00:00.121,hyperliquid,False,0.0,ETH
ETH,1.2306e-05,-0.000401552,2025-12-21 01:00:00.035,hyperliquid,False,0.0,ETH
ETH,9.5755e-06,-0.000423396,2025-12-21 02:00:00.051,hyperliquid,False,0.0,ETH
ETH,1.18472e-05,-0.0004052221,2025-12-21 03:00:00.019,hyperliquid,False,0.0,ETH
ETH,1.25e-05,-0.0003883056,2025-12-21 04:00:00.042,hyperliquid,False,0.0,ETH
ETH,1.19576e-05,-0.0004043392,2025-12-21 05:00:00.026,hyperliquid,False,0.0,ETH
ETH,1.25e-05,-0.0003822976,2025-12-21 06:00:00.033,hyperliquid,False,0.0,ETH
ETH,1.25e-05,-0.0003354129,2025-12-21 07:00:00.023,hyperliquid,False,0.0,ETH
ETH,1.25e-05,-0.0003291635,2025-12-21 08:00:00.005,hyperliquid,False,0.0,ETH
ETH,1.25e-05,-0.0002992006,2025-12-21 09:00:00.041,hyperliquid,False,0.0,ETH
ETH,1.25e-05,-0.0003658539,2025-12-21 10:00:00.026,hyperliquid,False,0.0,ETH
ETH,1.25e-05,-0.0003803189,2025-12-21 11:00:00.001,hyperliquid,False,0.0,ETH
ETH,1.25e-05,-0.0003169112,2025-12-21 12:00:00.014,hyperliquid,False,0.0,ETH
ETH,1.25e-05,-0.0003336045,2025-12-21 13:00:00.104,hyperliquid,False,0.0,ETH
ETH,1.25e-05,-0.0003668488,2025-12-21 14:00:00.061,hyperliquid,False,0.0,ETH
ETH,1.25e-05,-0.0003487985,2025-12-21 15:00:00.046,hyperliquid,False,0.0,ETH
ETH,1.25e-05,-0.0003438015,2025-12-21 16:00:00.090,hyperliquid,False,0.0,ETH
ETH,1.25e-05,-0.000298345,2025-12-21 17:00:00.081,hyperliquid,False,0.0,ETH
ETH,1.25e-05,-0.0002831493,2025-12-21 18:00:00.005,hyperliquid,False,0.0,ETH
ETH,1.25e-05,-0.0003183023,2025-12-21 19:00:00.103,hyperliquid,False,0.0,ETH
ETH,1.04108e-05,-0.0004167134,2025-12-21 20:00:00.004,hyperliquid,False,0.0,ETH
ETH,1.25e-05,-0.0003978809,2025-12-21 21:00:00.091,hyperliquid,False,0.0,ETH
ETH,8.8585e-06,-0.0004291323,2025-12-21 22:00:00.043,hyperliquid,False,0.0,ETH
ETH,1.25e-05,-0.0003876402,2025-12-21 23:00:00.179,hyperliquid,False,0.0,ETH
ETH,1.25e-05,-0.0003193844,2025-12-22 00:00:00.034,hyperliquid,False,0.0,ETH
ETH,1.25e-05,-0.0003417848,2025-12-22 01:00:00.030,hyperliquid,False,0.0,ETH
ETH,1.25e-05,-0.0003530211,2025-12-22 02:00:00.054,hyperliquid,False,0.0,ETH
ETH,1.25e-05,-0.0003691669,2025-12-22 03:00:00.057,hyperliquid,False,0.0,ETH
ETH,1.25e-05,-0.0003459455,2025-12-22 04:00:00.017,hyperliquid,False,0.0,ETH
ETH,1.25e-05,-0.0003123291,2025-12-22 05:00:00.041,hyperliquid,False,0.0,ETH
ETH,1.25e-05,-0.000316754,2025-12-22 06:00:00.079,hyperliquid,False,0.0,ETH
ETH,1.25e-05,-0.0002897456,2025-12-22 07:00:00.012,hyperliquid,False,0.0,ETH
ETH,1.25e-05,-0.0002839376,2025-12-22 08:00:00.066,hyperliquid,False,0.0,ETH
ETH,1.25e-05,-0.0002750923,2025-12-22 09:00:00.042,hyperliquid,False,0.0,ETH
ETH,1.25e-05,-0.0003070657,2025-12-22 10:00:00.028,hyperliquid,False,0.0,ETH
ETH,1.25e-05,-0.0003237917,2025-12-22 11:00:00.073,hyperliquid,False,0.0,ETH
ETH,1.25e-05,-0.0003976379,2025-12-22 12:00:00.028,hyperliquid,False,0.0,ETH
ETH,1.22054e-05,-0.0004023569,2025-12-22 13:00:00.031,hyperliquid,False,0.0,ETH
ETH,1.07308e-05,-0.0004141538,2025-12-22 14:00:00.065,hyperliquid,False,0.0,ETH
ETH,7.0346e-06,-0.0004437233,2025-12-22 15:00:00.012,hyperliquid,False,0.0,ETH
ETH,1.06036e-05,-0.000415171,2025-12-22 16:00:00.031,hyperliquid,False,0.0,ETH
ETH,1.22235e-05,-0.0004022124,2025-12-22 17:00:00.050,hyperliquid,False,0.0,ETH
ETH,1.05913e-05,-0.0004152694,2025-12-22 18:00:00.030,hyperliquid,False,0.0,ETH
ETH,8.7826e-06,-0.000429739,2025-12-22 19:00:00.006,hyperliquid,False,0.0,ETH
ETH,4.8849e-06,-0.0004609211,2025-12-22 20:00:00.046,hyperliquid,False,0.0,ETH
ETH,5.7362e-06,-0.0004541107,2025-12-22 21:00:00.000,hyperliquid,False,0.0,ETH
ETH,4.8717e-06,-0.0004610263,2025-12-22 22:00:00.036,hyperliquid,False,0.0,ETH
ETH,7.6182e-06,-0.0004390545,2025-12-22 23:00:00.053,hyperliquid,False,0.0,ETH
ETH,7.1277e-06,-0.0004429783,2025-12-23 00:00:00.002,hyperliquid,False,0.0,ETH
ETH,1.13146e-05,-0.0004094831,2025-12-23 01:00:00.098,hyperliquid,False,0.0,ETH
ETH,8.1109e-06,-0.000435113,2025-12-23 02:00:00.053,hyperliquid,False,0.0,ETH
ETH,3.7545e-06,-0.000469964,2025-12-23 03:00:00.060,hyperliquid,False,0.0,ETH
ETH,8.161e-06,-0.0004347122,2025-12-23 04:00:00.059,hyperliquid,False,0.0,ETH
ETH,6.1136e-06,-0.0004510914,2025-12-23 05:00:00.066,hyperliquid,False,0.0,ETH
ETH,3.3085e-06,-0.0004735316,2025-12-23 06:00:00.065,hyperliquid,False,0.0,ETH
ETH,1.25e-05,-0.0003841715,2025-12-23 07:00:00.033,hyperliquid,False,0.0,ETH
ETH,1.25e-05,-0.000360941,2025-12-23 08:00:00.066,hyperliquid,False,0.0,ETH
ETH,9.399e-06,-0.0004248082,2025-12-23 09:00:00.061,hyperliquid,False,0.0,ETH
ETH,5.1095e-06,-0.000459124,2025-12-23 10:00:00.050,hyperliquid,False,0.0,ETH
ETH,3.4496e-06,-0.0004724031,2025-12-23 11:00:00.027,hyperliquid,False,0.0,ETH
ETH,1.00609e-05,-0.0004195131,2025-12-23 12:00:00.062,hyperliquid,False,0.0,ETH
ETH,8.5093e-06,-0.0004319256,2025-12-23 13:00:00.067,hyperliquid,False,0.0,ETH
ETH,7.2179e-06,-0.0004422571,2025-12-23 14:00:00.025,hyperliquid,False,0.0,ETH
ETH,1.25e-05,-0.0003765367,2025-12-23 15:00:00.117,hyperliquid,False,0.0,ETH
ETH,1.25e-05,-0.0003969832,2025-12-23 16:00:00.036,hyperliquid,False,0.0,ETH
ETH,1.25e-05,-0.0003945223,2025-12-23 17:00:00.118,hyperliquid,False,0.0,ETH
ETH,9.0714e-06,-0.0004274286,2025-12-23 18:00:00.008,hyperliquid,False,0.0,ETH
ETH,6.4576e-06,-0.0004483394,2025-12-23 19:00:00.021,hyperliquid,False,0.0,ETH
ETH,7.8301e-06,-0.000437359,2025-12-23 20:00:00.206,hyperliquid,False,0.0,ETH
ETH,1.19197e-05,-0.0004046422,2025-12-23 21:00:00.067,hyperliquid,False,0.0,ETH
ETH,8.0338e-06,-0.0004357295,2025-12-23 22:00:00.021,hyperliquid,False,0.0,ETH
ETH,3.6036e-06,-0.0004711713,2025-12-23 23:00:00.051,hyperliquid,False,0.0,ETH
ETH,7.7691e-06,-0.0004378476,2025-12-24 00:00:00.088,hyperliquid,False,0.0,ETH
ETH,6.7585e-06,-0.0004459322,2025-12-24 01:00:00.030,hyperliquid,False,0.0,ETH
ETH,9.1348e-06,-0.0004269213,2025-12-24 02:00:00.077,hyperliquid,False,0.0,ETH
ETH,7.132e-06,-0.0004429444,2025-12-24 03:00:00.005,hyperliquid,False,0.0,ETH
ETH,1.18228e-05,-0.0004054176,2025-12-24 04:00:00.045,hyperliquid,False,0.0,ETH
ETH,1.25e-05,-0.0003804796,2025-12-24 05:00:00.039,hyperliquid,False,0.0,ETH
ETH,9.3994e-06,-0.0004248045,2025-12-24 06:00:00.027,hyperliquid,False,0.0,ETH
ETH,1.09747e-05,-0.000412202,2025-12-24 07:00:00.010,hyperliquid,False,0.0,ETH
ETH,1.01138e-05,-0.0004190894,2025-12-24 08:00:00.074,hyperliquid,False,0.0,ETH
ETH,1.2121e-05,-0.0004030318,2025-12-24 09:00:00.035,hyperliquid,False,0.0,ETH
ETH,1.25e-05,-0.0003554298,2025-12-24 10:00:00.079,hyperliquid,False,0.0,ETH
ETH,1.25e-05,-0.0002252384,2025-12-24 11:00:00.034,hyperliquid,False,0.0,ETH
ETH,1.25e-05,-0.000213104,2025-12-24 12:00:00.028,hyperliquid,False,0.0,ETH
ETH,1.25e-05,-0.0001719486,2025-12-24 13:00:00.012,hyperliquid,False,0.0,ETH
ETH,1.25e-05,-0.000204415,2025-12-24 14:00:00.025,hyperliquid,False,0.0,ETH
ETH,1.25e-05,-0.000210856,2025-12-24 15:00:00.087,hyperliquid,False,0.0,ETH
ETH,1.25e-05,-0.000268109,2025-12-24 16:00:00.002,hyperliquid,False,0.0,ETH
ETH,1.25e-05,-0.0002551917,2025-12-24 17:00:00.013,hyperliquid,False,0.0,ETH
ETH,1.25e-05,-0.0002630407,2025-12-24 18:00:00.037,hyperliquid,False,0.0,ETH
ETH,1.25e-05,-0.0002866039,2025-12-24 19:00:00.010,hyperliquid,False,0.0,ETH
ETH,1.25e-05,-0.0003207974,2025-12-24 20:00:00.012,hyperliquid,False,0.0,ETH
ETH,1.25e-05,-0.0002844581,2025-12-24 21:00:00.014,hyperliquid,False,0.0,ETH
ETH,1.25e-05,-0.0002432855,2025-12-24 22:00:00.001,hyperliquid,False,0.0,ETH
ETH,1.25e-05,-0.000198356,2025-12-24 23:00:00.087,hyperliquid,False,0.0,ETH
ETH,1.25e-05,-0.0002009912,2025-12-25 00:00:00.009,hyperliquid,False,0.0,ETH
ETH,1.25e-05,-0.0002942598,2025-12-25 01:00:00.033,hyperliquid,False,0.0,ETH
ETH,1.25e-05,-0.0002802399,2025-12-25 02:00:00.085,hyperliquid,False,0.0,ETH
ETH,1.25e-05,-0.0002513766,2025-12-25 03:00:00.030,hyperliquid,False,0.0,ETH
ETH,1.25e-05,-0.0001919528,2025-12-25 04:00:00.034,hyperliquid,False,0.0,ETH
ETH,1.25e-05,-0.0002088383,2025-12-25 05:00:00.023,hyperliquid,False,0.0,ETH
ETH,1.25e-05,-0.000224088,2025-12-25 06:00:00.056,hyperliquid,False,0.0,ETH
ETH,1.25e-05,-0.000168971,2025-12-25 07:00:00.023,hyperliquid,False,0.0,ETH
ETH,1.25e-05,-0.0002112654,2025-12-25 08:00:00.045,hyperliquid,False,0.0,ETH
ETH,1.25e-05,-0.0002968003,2025-12-25 09:00:00.041,hyperliquid,False,0.0,ETH
ETH,1.25e-05,-0.0003473936,2025-12-25 10:00:00.018,hyperliquid,False,0.0,ETH
ETH,1.25e-05,-0.000351554,2025-12-25 11:00:00.029,hyperliquid,False,0.0,ETH
ETH,1.25e-05,-0.0002955835,2025-12-25 12:00:00.064,hyperliquid,False,0.0,ETH
ETH,1.25e-05,-0.0003307332,2025-12-25 13:00:00.067,hyperliquid,False,0.0,ETH
ETH,1.25e-05,-0.0003546042,2025-12-25 14:00:00.102,hyperliquid,False,0.0,ETH
ETH,1.25e-05,-0.000257397,2025-12-25 15:00:00.042,hyperliquid,False,0.0,ETH
ETH,1.25e-05,-0.0002617101,2025-12-25 16:00:00.058,hyperliquid,False,0.0,ETH
ETH,1.23722e-05,-0.0004010224,2025-12-25 17:00:00.056,hyperliquid,False,0.0,ETH
ETH,1.25e-05,-0.000358038,2025-12-25 18:00:00.010,hyperliquid,False,0.0,ETH
ETH,1.25e-05,-0.0003669158,2025-12-25 19:00:00.040,hyperliquid,False,0.0,ETH
ETH,1.25e-05,-0.0003823313,2025-12-25 20:00:00.060,hyperliquid,False,0.0,ETH
ETH,1.25e-05,-0.0003279354,2025-12-25 21:00:00.080,hyperliquid,False,0.0,ETH
ETH,1.25e-05,-0.0002900798,2025-12-25 22:00:00.003,hyperliquid,False,0.0,ETH
ETH,1.25e-05,-0.0003905799,2025-12-25 23:00:00.019,hyperliquid,False,0.0,ETH
ETH,1.21285e-05,-0.0004029723,2025-12-26 00:00:00.022,hyperliquid,False,0.0,ETH
ETH,1.02976e-05,-0.0004176189,2025-12-26 01:00:00.008,hyperliquid,False,0.0,ETH
ETH,1.25e-05,-0.0003692,2025-12-26 02:00:00.062,hyperliquid,False,0.0,ETH
ETH,-1.322e-07,-0.0005010577,2025-12-26 03:00:00.000,hyperliquid,False,0.0,ETH
ETH,6.768e-07,-0.0004945858,2025-12-26 04:00:00.056,hyperliquid,False,0.0,ETH
ETH,1.0359e-05,-0.0004171277,2025-12-26 05:00:00.092,hyperliquid,False,0.0,ETH
ETH,8.7989e-06,-0.0004296085,2025-12-26 06:00:00.012,hyperliquid,False,0.0,ETH
ETH,1.25e-05,-0.0003892363,2025-12-26 07:00:00.039,hyperliquid,False,0.0,ETH
ETH,1.19549e-05,-0.0004043611,2025-12-26 08:00:00.040,hyperliquid,False,0.0,ETH
ETH,1.25e-05,-0.0003326517,2025-12-26 09:00:00.017,hyperliquid,False,0.0,ETH
ETH,1.25e-05,-0.0003410685,2025-12-26 10:00:00.113,hyperliquid,False,0.0,ETH
ETH,1.25e-05,-0.0003462393,2025-12-26 11:00:00.164,hyperliquid,False,0.0,ETH
ETH,1.25e-05,-0.000396941,2025-12-26 12:00:00.040,hyperliquid,False,0.0,ETH
ETH,1.25e-05,-0.0003698547,2025-12-26 13:00:00.030,hyperliquid,False,0.0,ETH
ETH,1.25e-05,-0.000390361,2025-12-26 14:00:00.015,hyperliquid,False,0.0,ETH
ETH,5.6473e-06,-0.0004548215,2025-12-26 15:00:00.077,hyperliquid,False,0.0,ETH
ETH,1.25e-05,-0.0002792369,2025-12-26 16:00:00.036,hyperliquid,False,0.0,ETH
ETH,1.25e-05,-0.0002834363,2025-12-26 17:00:00.019,hyperliquid,False,0.0,ETH
ETH,1.04719e-05,-0.0004162246,2025-12-26 18:00:00.088,hyperliquid,False,0.0,ETH
ETH,1.1821e-06,-0.0004905436,2025-12-26 19:00:00.033,hyperliquid,False,0.0,ETH
ETH,8.2975e-06,-0.00043362,2025-12-26 20:00:00.045,hyperliquid,False,0.0,ETH
ETH,7.0027e-06,-0.0004439783,2025-12-26 21:00:00.004,hyperliquid,False,0.0,ETH
ETH,5.4674e-06,-0.000456261,2025-12-26 22:00:00.040,hyperliquid,False,0.0,ETH
ETH,6.2412e-06,-0.0004500705,2025-12-26 23:00:00.040,hyperliquid,False,0.0,ETH
ETH,2.0715e-06,-0.0004834281,2025-12-27 00:00:00.023,hyperliquid,False,0.0,ETH
ETH,4.9223e-06,-0.0004606215,2025-12-27 01:00:00.020,hyperliquid,False,0.0,ETH
ETH,8.4233e-06,-0.0004326135,2025-12-27 02:00:00.019,hyperliquid,False,0.0,ETH
ETH,1.10543e-05,-0.0004115655,2025-12-27 03:00:00.083,hyperliquid,False,0.0,ETH
ETH,1.02784e-05,-0.0004177727,2025-12-27 04:00:00.000,hyperliquid,False,0.0,ETH
ETH,7.1305e-06,-0.0004429557,2025-12-27 05:00:00.022,hyperliquid,False,0.0,ETH
ETH,6.3284e-06,-0.0004493728,2025-12-27 06:00:00.022,hyperliquid,False,0.0,ETH
ETH,3.7005e-06,-0.0004703959,2025-12-27 07:00:00.101,hyperliquid,False,0.0,ETH
ETH,7.8202e-06,-0.0004374383,2025-12-27 08:00:00.049,hyperliquid,False,0.0,ETH
ETH,-2.9701e-06,-0.0005237607,2025-12-27 09:00:00.024,hyperliquid,False,0.0,ETH
ETH,4.1481e-06,-0.0004668152,2025-12-27 10:00:00.051,hyperliquid,False,0.0,ETH
ETH,-4.2725e-06,-0.0005341802,2025-12-27 11:00:00.058,hyperliquid,False,0.0,ETH
ETH,4.6955e-06,-0.0004624358,2025-12-27 12:00:00.048,hyperliquid,False,0.0,ETH
ETH,8.1814e-06,-0.000434549,2025-12-27 13:00:00.049,hyperliquid,False,0.0,ETH
ETH,2.3376e-06,-0.000481299,2025-12-27 14:00:00.129,hyperliquid,False,0.0,ETH
ETH,1.47e-06,-0.0004882403,2025-12-27 15:00:00.130,hyperliquid,False,0.0,ETH
ETH,2.7091e-06,-0.0004783275,2025-12-27 16:00:00.019,hyperliquid,False,0.0,ETH
ETH,2.8159e-06,-0.0004774725,2025-12-27 17:00:00.106,hyperliquid,False,0.0,ETH
ETH,6.1182e-06,-0.0004510548,2025-12-27 18:00:00.021,hyperliquid,False,0.0,ETH
ETH,2.9356e-06,-0.000476515,2025-12-27 19:00:00.007,hyperliquid,False,0.0,ETH
ETH,-3.843e-06,-0.0005307443,2025-12-27 20:00:00.057,hyperliquid,False,0.0,ETH
ETH,-2.9142e-06,-0.0005233137,2025-12-27 21:00:00.027,hyperliquid,False,0.0,ETH
ETH,-4.0664e-06,-0.0005325314,2025-12-27 22:00:00.034,hyperliquid,False,0.0,ETH
ETH,-1.20663e-05,-0.0005965301,2025-12-27 23:00:00.018,hyperliquid,False,0.0,ETH
ETH,-9.7172e-06,-0.0005777378,2025-12-28 00:00:00.072,hyperliquid,False,0.0,ETH
ETH,-1.17872e-05,-0.0005942976,2025-12-28 01:00:00.041,hyperliquid,False,0.0,ETH
ETH,-7.5518e-06,-0.0005604144,2025-12-28 02:00:00.027,hyperliquid,False,0.0,ETH
ETH,-8.989e-07,-0.0005071912,2025-12-28 03:00:00.017,hyperliquid,False,0.0,ETH
ETH,-3.6471e-06,-0.000529177,2025-12-28 04:00:00.024,hyperliquid,False,0.0,ETH
ETH,-1.1357e-05,-0.0005908562,2025-12-28 05:00:00.062,hyperliquid,False,0.0,ETH
ETH,3.562e-07,-0.0004971504,2025-12-28 06:00:00.060,hyperliquid,False,0.0,ETH
ETH,1.5348e-06,-0.0004877214,2025-12-28 07:00:00.028,hyperliquid,False,0.0,ETH
ETH,-2.6964e-06,-0.0005215715,2025-12-28 08:00:00.040,hyperliquid,False,0.0,ETH
ETH,-7.283e-07,-0.0005058268,2025-12-28 09:00:00.005,hyperliquid,False,0.0,ETH
ETH,-4.5706e-06,-0.0005365647,2025-12-28 10:00:00.074,hyperliquid,False,0.0,ETH
ETH,-1.6289e-06,-0.0005130316,2025-12-28 11:00:00.057,hyperliquid,False,0.0,ETH
ETH,-5.965e-07,-0.0005047721,2025-12-28 12:00:00.046,hyperliquid,False,0.0,ETH
ETH,5.356e-07,-0.000495715,2025-12-28 13:00:00.095,hyperliquid,False,0.0,ETH
ETH,-6.412e-07,-0.0005051294,2025-12-28 14:00:00.095,hyperliquid,False,0.0,ETH
ETH,-4.0139e-06,-0.000532111,2025-12-28 15:00:00.109,hyperliquid,False,0.0,ETH
ETH,-4.7596e-06,-0.000538077,2025-12-28 16:00:00.008,hyperliquid,False,0.0,ETH
ETH,-1.9976e-06,-0.0005159811,2025-12-28 17:00:00.074,hyperliquid,False,0.0,ETH
ETH,7.1548e-06,-0.0004427618,2025-12-28 18:00:00.041,hyperliquid,False,0.0,ETH
ETH,5.9739e-06,-0.0004522092,2025-12-28 19:00:00.019,hyperliquid,False,0.0,ETH
ETH,9.9757e-06,-0.0004201948,2025-12-28 20:00:00.016,hyperliquid,False,0.0,ETH
ETH,2.383e-06,-0.0004809357,2025-12-28 21:00:00.047,hyperliquid,False,0.0,ETH
ETH,4.6381e-06,-0.0004628952,2025-12-28 22:00:00.072,hyperliquid,False,0.0,ETH
ETH,7.1611e-06,-0.0004427109,2025-12-28 23:00:00.045,hyperliquid,False,0.0,ETH
ETH,6.3292e-06,-0.0004493661,2025-12-29 00:00:00.132,hyperliquid,False,0.0,ETH
ETH,4.6012e-06,-0.0004631905,2025-12-29 01:00:00.082,hyperliquid,False,0.0,ETH
ETH,1.768e-06,-0.000485856,2025-12-29 02:00:00.076,hyperliquid,False,0.0,ETH
ETH,8.9748e-06,-0.0004282013,2025-12-29 03:00:00.049,hyperliquid,False,0.0,ETH
ETH,1.21857e-05,-0.0004025143,2025-12-29 04:00:00.132,hyperliquid,False,0.0,ETH
ETH,1.25e-05,-0.0002426441,2025-12-29 05:00:00.006,hyperliquid,False,0.0,ETH
ETH,1.25e-05,-0.0003444663,2025-12-29 06:00:00.005,hyperliquid,False,0.0,ETH
ETH,1.25e-05,-0.0003970158,2025-12-29 07:00:00.018,hyperliquid,False,0.0,ETH
ETH,1.12945e-05,-0.0004096441,2025-12-29 08:00:00.014,hyperliquid,False,0.0,ETH
ETH,1.25e-05,-0.0003925503,2025-12-29 09:00:00.030,hyperliquid,False,0.0,ETH
ETH,1.25e-05,-0.0003797402,2025-12-29 10:00:00.008,hyperliquid,False,0.0,ETH
ETH,1.25e-05,-0.0003384728,2025-12-29 11:00:00.098,hyperliquid,False,0.0,ETH
ETH,1.25e-05,-0.0003608968,2025-12-29 12:00:00.026,hyperliquid,False,0.0,ETH
ETH,-7.0401e-06,-0.0005563206,2025-12-29 13:00:00.001,hyperliquid,False,0.0,ETH
ETH,-5.1856e-06,-0.0005414845,2025-12-29 14:00:00.028,hyperliquid,False,0.0,ETH
ETH,3.8612e-06,-0.0004691104,2025-12-29 15:00:00.031,hyperliquid,False,0.0,ETH
ETH,1.25e-05,-0.0003564122,2025-12-29 16:00:00.014,hyperliquid,False,0.0,ETH
ETH,1.25e-05,-0.0003442083,2025-12-29 17:00:00.019,hyperliquid,False,0.0,ETH
ETH,1.25e-05,-0.0003018711,2025-12-29 18:00:00.031,hyperliquid,False,0.0,ETH
ETH,9.2876e-06,-0.0004256989,2025-12-29 19:00:00.026,hyperliquid,False,0.0,ETH
ETH,9.1363e-06,-0.0004269099,2025-12-29 20:00:00.055,hyperliquid,False,0.0,ETH
ETH,1.18352e-05,-0.0004053187,2025-12-29 21:00:00.006,hyperliquid,False,0.0,ETH
ETH,1.25e-05,-0.0003837704,2025-12-29 22:00:00.075,hyperliquid,False,0.0,ETH
ETH,1.25e-05,-0.0003730396,2025-12-29 23:00:00.040,hyperliquid,False,0.0,ETH
ETH,4.4059e-06,-0.0004647528,2025-12-30 00:00:00.010,hyperliquid,False,0.0,ETH
ETH,-1.9853e-06,-0.0005158824,2025-12-30 01:00:00.049,hyperliquid,False,0.0,ETH
ETH,-3.3183e-06,-0.0005265463,2025-12-30 02:00:00.033,hyperliquid,False,0.0,ETH
ETH,1.8585e-06,-0.000485132,2025-12-30 03:00:00.041,hyperliquid,False,0.0,ETH
ETH,1.25e-05,-0.0003345039,2025-12-30 04:00:00.063,hyperliquid,False,0.0,ETH
ETH,1.25e-05,-0.0003176881,2025-12-30 05:00:00.069,hyperliquid,False,0.0,ETH
ETH,1.25e-05,-0.0002879561,2025-12-30 06:00:00.067,hyperliquid,False,0.0,ETH
ETH,1.25e-05,-0.0001932693,2025-12-30 07:00:00.062,hyperliquid,False,0.0,ETH
ETH,1.25e-05,-0.0002100115,2025-12-30 08:00:00.028,hyperliquid,False,0.0,ETH
ETH,1.25e-05,-0.0001985524,2025-12-30 09:00:00.045,hyperliquid,False,0.0,ETH
ETH,1.25e-05,-0.0001952935,2025-12-30 10:00:00.080,hyperliquid,False,0.0,ETH
ETH,1.25e-05,-0.0001992273,2025-12-30 11:00:00.054,hyperliquid,False,0.0,ETH
ETH,1.25e-05,-0.0002122367,2025-12-30 12:00:00.003,hyperliquid,False,0.0,ETH
ETH,1.25e-05,-0.0001784121,2025-12-30 13:00:00.121,hyperliquid,False,0.0,ETH
ETH,1.25e-05,-0.0002030911,2025-12-30 14:00:00.031,hyperliquid,False,0.0,ETH
ETH,1.25e-05,-0.0002086834,2025-12-30 15:00:00.036,hyperliquid,False,0.0,ETH
ETH,1.25e-05,-0.000314873,2025-12-30 16:00:00.039,hyperliquid,False,0.0,ETH
ETH,1.25e-05,-0.0003660419,2025-12-30 17:00:00.051,hyperliquid,False,0.0,ETH
ETH,1.25e-05,-0.0003614151,2025-12-30 18:00:00.071,hyperliquid,False,0.0,ETH
ETH,1.25e-05,-0.0003956321,2025-12-30 19:00:00.033,hyperliquid,False,0.0,ETH
ETH,1.25e-05,-0.0003301163,2025-12-30 20:00:00.120,hyperliquid,False,0.0,ETH
ETH,1.25e-05,-0.0003470069,2025-12-30 21:00:00.041,hyperliquid,False,0.0,ETH
ETH,1.25e-05,-0.0002972884,2025-12-30 22:00:00.003,hyperliquid,False,0.0,ETH
ETH,1.25e-05,-0.0002819725,2025-12-30 23:00:00.047,hyperliquid,False,0.0,ETH
ETH,1.25e-05,-0.0002513342,2025-12-31 00:00:00.021,hyperliquid,False,0.0,ETH
ETH,1.25e-05,-0.0002449571,2025-12-31 01:00:00.022,hyperliquid,False,0.0,ETH
ETH,1.25e-05,-0.0002183887,2025-12-31 02:00:00.037,hyperliquid,False,0.0,ETH
ETH,1.25e-05,-0.000281503,2025-12-31 03:00:00.053,hyperliquid,False,0.0,ETH
ETH,1.25e-05,-0.000224551,2025-12-31 04:00:00.057,hyperliquid,False,0.0,ETH
ETH,1.25e-05,-0.0002267071,2025-12-31 05:00:00.011,hyperliquid,False,0.0,ETH
ETH,1.25e-05,-0.000206166,2025-12-31 06:00:00.002,hyperliquid,False,0.0,ETH
ETH,1.25e-05,-0.0002202579,2025-12-31 07:00:00.029,hyperliquid,False,0.0,ETH
ETH,1.25e-05,-0.0002095275,2025-12-31 08:00:00.063,hyperliquid,False,0.0,ETH
ETH,1.25e-05,-0.0001892911,2025-12-31 09:00:00.019,hyperliquid,False,0.0,ETH
ETH,1.25e-05,-0.0002286747,2025-12-31 10:00:00.002,hyperliquid,False,0.0,ETH
ETH,1.25e-05,-0.0002474858,2025-12-31 11:00:00.050,hyperliquid,False,0.0,ETH
ETH,1.25e-05,-0.0002541427,2025-12-31 12:00:00.095,hyperliquid,False,0.0,ETH
ETH,1.25e-05,-0.000278623,2025-12-31 13:00:00.002,hyperliquid,False,0.0,ETH
ETH,1.25e-05,-0.0003240376,2025-12-31 14:00:00.008,hyperliquid,False,0.0,ETH
ETH,1.25e-05,-0.0002449533,2025-12-31 15:00:00.015,hyperliquid,False,0.0,ETH
ETH,1.25e-05,-0.0002116121,2025-12-31 16:00:00.089,hyperliquid,False,0.0,ETH
ETH,1.25e-05,-7.58555e-05,2025-12-31 17:00:00.072,hyperliquid,False,0.0,ETH
ETH,1.25e-05,-6.31862e-05,2025-12-31 18:00:00.050,hyperliquid,False,0.0,ETH
ETH,1.25e-05,-4.87884e-05,2025-12-31 19:00:00.053,hyperliquid,False,0.0,ETH
ETH,1.25e-05,3.0986e-06,2025-12-31 20:00:00.058,hyperliquid,False,0.0,ETH
ETH,1.25e-05,3.93631e-05,2025-12-31 21:00:00.043,hyperliquid,False,0.0,ETH
ETH,1.25e-05,5.63214e-05,2025-12-31 22:00:00.100,hyperliquid,False,0.0,ETH
ETH,1.25e-05,0.0001323142,2025-12-31 23:00:00.093,hyperliquid,False,0.0,ETH
ETH,1.25e-05,0.0002503321,2026-01-01 00:00:00.063,hyperliquid,False,0.0,ETH
ETH,1.25e-05,0.0001783589,2026-01-01 01:00:00.053,hyperliquid,False,0.0,ETH
ETH,1.25e-05,0.0001880965,2026-01-01 02:00:00.024,hyperliquid,False,0.0,ETH
ETH,1.25e-05,0.0001479243,2026-01-01 03:00:00.012,hyperliquid,False,0.0,ETH
ETH,1.25e-05,0.0002073815,2026-01-01 04:00:00.036,hyperliquid,False,0.0,ETH
ETH,1.25e-05,0.0002165002,2026-01-01 05:00:00.040,hyperliquid,False,0.0,ETH
ETH,1.25e-05,0.0002994805,2026-01-01 06:00:00.053,hyperliquid,False,0.0,ETH
ETH,1.25e-05,0.0002999632,2026-01-01 07:00:00.011,hyperliquid,False,0.0,ETH
ETH,1.25e-05,0.0003370194,2026-01-01 08:00:00.045,hyperliquid,False,0.0,ETH
ETH,1.25e-05,0.0002724971,2026-01-01 09:00:00.098,hyperliquid,False,0.0,ETH
ETH,1.25e-05,0.0001939108,2026-01-01 10:00:00.010,hyperliquid,False,0.0,ETH
ETH,1.25e-05,0.0001149074,2026-01-01 11:00:00.034,hyperliquid,False,0.0,ETH
ETH,1.25e-05,0.0001046985,2026-01-01 12:00:00.051,hyperliquid,False,0.0,ETH
ETH,1.25e-05,7.51563e-05,2026-01-01 13:00:00.101,hyperliquid,False,0.0,ETH
ETH,1.25e-05,0.0001625824,2026-01-01 14:00:00.010,hyperliquid,False,0.0,ETH
ETH,1.25e-05,4.93247e-05,2026-01-01 15:00:00.003,hyperliquid,False,0.0,ETH
ETH,1.25e-05,5.97834e-05,2026-01-01 16:00:00.025,hyperliquid,False,0.0,ETH
ETH,1.25e-05,8.86765e-05,2026-01-01 17:00:00.034,hyperliquid,False,0.0,ETH
ETH,1.25e-05,6.36282e-05,2026-01-01 18:00:00.042,hyperliquid,False,0.0,ETH
ETH,1.25e-05,-4.59209e-05,2026-01-01 19:00:00.029,hyperliquid,False,0.0,ETH
ETH,1.25e-05,-0.0001102453,2026-01-01 20:00:00.043,hyperliquid,False,0.0,ETH
ETH,1.25e-05,-9.06073e-05,2026-01-01 21:00:00.069,hyperliquid,False,0.0,ETH
ETH,1.25e-05,-0.0001783927,2026-01-01 22:00:00.047,hyperliquid,False,0.0,ETH
ETH,1.25e-05,-0.0001977323,2026-01-01 23:00:00.023,hyperliquid,False,0.0,ETH
ETH,1.25e-05,-0.0002123017,2026-01-02 00:00:00.042,hyperliquid,False,0.0,ETH
ETH,1.25e-05,-0.0002559954,2026-01-02 01:00:00.032,hyperliquid,False,0.0,ETH
ETH,1.25e-05,-0.000278488,2026-01-02 02:00:00.057,hyperliquid,False,0.0,ETH
ETH,1.25e-05,-0.0002955589,2026-01-02 03:00:00.019,hyperliquid,False,0.0,ETH
ETH,1.25e-05,-0.000342042,2026-01-02 04:00:00.139,hyperliquid,False,0.0,ETH
ETH,1.25e-05,-0.0003810355,2026-01-02 05:00:00.110,hyperliquid,False,0.0,ETH
ETH,6.947e-06,-0.0004444237,2026-01-02 06:00:00.022,hyperliquid,False,0.0,ETH
ETH,1.25e-05,-0.0003894694,2026-01-02 07:00:00.003,hyperliquid,False,0.0,ETH
ETH,1.25e-05,-0.0003951177,2026-01-02 08:00:00.081,hyperliquid,False,0.0,ETH
ETH,1.25e-05,-0.0003510894,2026-01-02 09:00:00.003,hyperliquid,False,0.0,ETH
ETH,1.25e-05,-0.0003746592,2026-01-02 10:00:00.091,hyperliquid,False,0.0,ETH
ETH,-9.771e-07,-0.0005078167,2026-01-02 11:00:00.048,hyperliquid,False,0.0,ETH
ETH,1.25e-05,-0.0003383108,2026-01-02 12:00:00.042,hyperliquid,False,0.0,ETH
ETH,1.25e-05,-0.0002742433,2026-01-02 13:00:00.114,hyperliquid,False,0.0,ETH
ETH,1.25e-05,-0.0002905396,2026-01-02 14:00:00.009,hyperliquid,False,0.0,ETH
ETH,1.25e-05,-0.0003243102,2026-01-02 15:00:00.105,hyperliquid,False,0.0,ETH
ETH,5.9262e-06,-0.0004525906,2026-01-02 16:00:00.038,hyperliquid,False,0.0,ETH
ETH,4.9339e-06,-0.0004605286,2026-01-02 17:00:00.047,hyperliquid,False,0.0,ETH
ETH,-2.2811e-06,-0.0005182488,2026-01-02 18:00:00.034,hyperliquid,False,0.0,ETH
ETH,-1.0666e-06,-0.0005085326,2026-01-02 19:00:00.026,hyperliquid,False,0.0,ETH
ETH,2.3634e-06,-0.0004810928,2026-01-02 20:00:00.027,hyperliquid,False,0.0,ETH
ETH,-1.66e-06,-0.0005132802,2026-01-02 21:00:00.000,hyperliquid,False,0.0,ETH
ETH,-1.5107e-06,-0.000512086,2026-01-02 22:00:00.042,hyperliquid,False,0.0,ETH
ETH,3.5529e-06,-0.0004715766,2026-01-02 23:00:00.022,hyperliquid,False,0.0,ETH
ETH,2.13e-08,-0.0004998298,2026-01-03 00:00:00.008,hyperliquid,False,0.0,ETH
ETH,-2.5299e-06,-0.0005202389,2026-01-03 01:00:00.018,hyperliquid,False,0.0,ETH
ETH,-2.0665e-06,-0.0005165319,2026-01-03 02:00:00.008,hyperliquid,False,0.0,ETH
ETH,-2.1934e-06,-0.0005175471,2026-01-03 03:00:00.074,hyperliquid,False,0.0,ETH
ETH,-4.172e-07,-0.0005033373,2026-01-03 04:00:00.011,hyperliquid,False,0.0,ETH
ETH,2.1988e-06,-0.0004824096,2026-01-03 05:00:00.006,hyperliquid,False,0.0,ETH
ETH,2.7203e-06,-0.0004782374,2026-01-03 06:00:00.019,hyperliquid,False,0.0,ETH
ETH,3.655e-06,-0.0004707599,2026-01-03 07:00:00.004,hyperliquid,False,0.0,ETH
ETH,1.25e-05,-0.0003558878,2026-01-03 08:00:00.011,hyperliquid,False,0.0,ETH
ETH,1.25e-05,-0.0002764484,2026-01-03 09:00:00.067,hyperliquid,False,0.0,ETH
ETH,1.25e-05,-0.0002827936,2026-01-03 10:00:00.026,hyperliquid,False,0.0,ETH
ETH,1.25e-05,-0.0002488447,2026-01-03 11:00:00.060,hyperliquid,False,0.0,ETH
ETH,1.25e-05,-0.0002816345,2026-01-03 12:00:00.095,hyperliquid,False,0.0,ETH
ETH,1.25e-05,-0.0003127051,2026-01-03 13:00:00.083,hyperliquid,False,0.0,ETH
ETH,1.25e-05,-0.0002496177,2026-01-03 14:00:00.043,hyperliquid,False,0.0,ETH
ETH,1.25e-05,-0.0002756061,2026-01-03 15:00:00.072,hyperliquid,False,0.0,ETH
ETH,1.25e-05,-0.0003763386,2026-01-03 16:00:00.044,hyperliquid,False,0.0,ETH
ETH,1.25e-05,-0.0003733381,2026-01-03 17:00:00.083,hyperliquid,False,0.0,ETH
ETH,1.25e-05,-0.0003332376,2026-01-03 18:00:00.061,hyperliquid,False,0.0,ETH
ETH,1.25e-05,-0.0002822001,2026-01-03 19:00:00.032,hyperliquid,False,0.0,ETH
ETH,1.25e-05,-0.0003755144,2026-01-03 20:00:00.019,hyperliquid,False,0.0,ETH
ETH,1.25e-05,-0.0003564139,2026-01-03 21:00:00.128,hyperliquid,False,0.0,ETH
ETH,1.25e-05,-0.000339314,2026-01-03 22:00:00.077,hyperliquid,False,0.0,ETH
ETH,1.25e-05,-0.0003354259,2026-01-03 23:00:00.046,hyperliquid,False,0.0,ETH
ETH,1.25e-05,-0.0003134954,2026-01-04 00:00:00.024,hyperliquid,False,0.0,ETH
ETH,1.25e-05,-0.0003070862,2026-01-04 01:00:00.010,hyperliquid,False,0.0,ETH
ETH,1.25e-05,-0.0003480867,2026-01-04 02:00:00.026,hyperliquid,False,0.0,ETH
ETH,1.25e-05,-0.0003623282,2026-01-04 03:00:00.011,hyperliquid,False,0.0,ETH
ETH,1.25e-05,-0.0003189431,2026-01-04 04:00:00.063,hyperliquid,False,0.0,ETH
ETH,1.25e-05,-0.0003278573,2026-01-04 05:00:00.060,hyperliquid,False,0.0,ETH
ETH,1.25e-05,-0.0002980436,2026-01-04 06:00:00.066,hyperliquid,False,0.0,ETH
ETH,1.25e-05,-0.0002711164,2026-01-04 07:00:00.031,hyperliquid,False,0.0,ETH
ETH,1.25e-05,-0.0003251481,2026-01-04 08:00:00.036,hyperliquid,False,0.0,ETH
ETH,1.25e-05,-0.0003447162,2026-01-04 09:00:00.001,hyperliquid,False,0.0,ETH
ETH,1.25e-05,-0.000366456,2026-01-04 10:00:00.051,hyperliquid,False,0.0,ETH
ETH,1.17942e-05,-0.0004056468,2026-01-04 11:00:00.051,hyperliquid,False,0.0,ETH
ETH,3.6128e-06,-0.000471098,2026-01-04 12:00:00.052,hyperliquid,False,0.0,ETH
ETH,3.859e-06,-0.0004691283,2026-01-04 13:00:00.062,hyperliquid,False,0.0,ETH
ETH,1.701e-07,-0.0004986394,2026-01-04 14:00:00.019,hyperliquid,False,0.0,ETH
ETH,5.148e-07,-0.0004958818,2026-01-04 15:00:00.078,hyperliquid,False,0.0,ETH
ETH,-1.6489e-06,-0.0005131915,2026-01-04 16:00:00.098,hyperliquid,False,0.0,ETH
ETH,6.3463e-06,-0.0004492297,2026-01-04 17:00:00.020,hyperliquid,False,0.0,ETH
ETH,1.10286e-05,-0.0004117708,2026-01-04 18:00:00.054,hyperliquid,False,0.0,ETH
ETH,6.9689e-06,-0.0004442491,2026-01-04 19:00:00.024,hyperliquid,False,0.0,ETH
ETH,1.25e-05,-0.0003936903,2026-01-04 20:00:00.062,hyperliquid,False,0.0,ETH
ETH,1.25e-05,-0.0003965676,2026-01-04 21:00:00.000,hyperliquid,False,0.0,ETH
ETH,1.9918e-06,-0.0004840659,2026-01-04 22:00:00.037,hyperliquid,False,0.0,ETH
ETH,5.819e-06,-0.000453448,2026-01-04 23:00:00.111,hyperliquid,False,0.0,ETH
ETH,1.8696e-06,-0.0004850429,2026-01-05 00:00:00.000,hyperliquid,False,0.0,ETH
ETH,6.5536e-06,-0.0004475711,2026-01-05 01:00:00.014,hyperliquid,False,0.0,ETH
ETH,5.137e-06,-0.0004589039,2026-01-05 02:00:00.009,hyperliquid,False,0.0,ETH
ETH,5.2491e-06,-0.0004580073,2026-01-05 03:00:00.010,hyperliquid,False,0.0,ETH
ETH,4.4863e-06,-0.0004641092,2026-01-05 04:00:00.044,hyperliquid,False,0.0,ETH
ETH,3.0338e-06,-0.0004757294,2026-01-05 05:00:00.042,hyperliquid,False,0.0,ETH
ETH,3.861e-06,-0.0004691118,2026-01-05 06:00:00.026,hyperliquid,False,0.0,ETH
ETH,3.0747e-06,-0.0004754021,2026-01-05 07:00:00.067,hyperliquid,False,0.0,ETH
ETH,5.8839e-06,-0.0004529287,2026-01-05 08:00:00.060,hyperliquid,False,0.0,ETH
ETH,4.8512e-06,-0.0004611903,2026-01-05 09:00:00.043,hyperliquid,False,0.0,ETH
ETH,1.25e-05,-0.0003498727,2026-01-05 10:00:00.038,hyperliquid,False,0.0,ETH
ETH,1.09347e-05,-0.0004125221,2026-01-05 11:00:00.040,hyperliquid,False,0.0,ETH
ETH,4.1922e-06,-0.0004664621,2026-01-05 12:00:00.068,hyperliquid,False,0.0,ETH
ETH,3.6674e-06,-0.0004706609,2026-01-05 13:00:00.054,hyperliquid,False,0.0,ETH
ETH,3.0047e-06,-0.0004759621,2026-01-05 14:00:00.015,hyperliquid,False,0.0,ETH
ETH,3.6657e-06,-0.0004706748,2026-01-05 15:00:00.020,hyperliquid,False,0.0,ETH
ETH,1.25e-05,-0.0003537979,2026-01-05 16:00:00.051,hyperliquid,False,0.0,ETH
ETH,1.15706e-05,-0.0004074348,2026-01-05 17:00:00.085,hyperliquid,False,0.0,ETH
ETH,9.2009e-06,-0.0004263925,2026-01-05 18:00:00.081,hyperliquid,False,0.0,ETH
ETH,7.5027e-06,-0.0004399787,2026-01-05 19:00:00.056,hyperliquid,False,0.0,ETH
ETH,6.3468e-06,-0.0004492258,2026-01-05 20:00:00.045,hyperliquid,False,0.0,ETH
ETH,6.5598e-06,-0.0004475217,2026-01-05 21:00:00.022,hyperliquid,False,0.0,ETH
ETH,2.937e-07,-0.0004976501,2026-01-05 22:00:00.008,hyperliquid,False,0.0,ETH
ETH,3.9065e-06,-0.0004687478,2026-01-05 23:00:00.068,hyperliquid,False,0.0,ETH
ETH,3.7105e-06,-0.0004703164,2026-01-06 00:00:00.017,hyperliquid,False,0.0,ETH
ETH,5.2539e-06,-0.0004579688,2026-01-06 01:00:00.086,hyperliquid,False,0.0,ETH
ETH,8.6482e-06,-0.0004308143,2026-01-06 02:00:00.073,hyperliquid,False,0.0,ETH
ETH,3.7791e-06,-0.0004697672,2026-01-06 03:00:00.033,hyperliquid,False,0.0,ETH
ETH,8.295e-06,-0.0004336403,2026-01-06 04:00:00.036,hyperliquid,False,0.0,ETH
ETH,8.8922e-06,-0.0004288621,2026-01-06 05:00:00.075,hyperliquid,False,0.0,ETH
ETH,1.25e-05,-0.0003446405,2026-01-06 06:00:00.013,hyperliquid,False,0.0,ETH
ETH,1.25e-05,-0.0003875206,2026-01-06 07:00:00.008,hyperliquid,False,0.0,ETH
ETH,1.9105e-06,-0.000484716,2026-01-06 08:00:00.066,hyperliquid,False,0.0,ETH
ETH,1.09874e-05,-0.0004121011,2026-01-06 09:00:00.059,hyperliquid,False,0.0,ETH
ETH,7.9e-06,-0.0004367999,2026-01-06 10:00:00.012,hyperliquid,False,0.0,ETH
ETH,9.376e-06,-0.0004249919,2026-01-06 11:00:00.060,hyperliquid,False,0.0,ETH
ETH,1.25e-05,-0.0003271444,2026-01-06 12:00:00.017,hyperliquid,False,0.0,ETH
ETH,1.25e-05,-0.0003547663,2026-01-06 13:00:00.002,hyperliquid,False,0.0,ETH
ETH,1.25e-05,-0.0003594666,2026-01-06 14:00:00.046,hyperliquid,False,0.0,ETH
ETH,1.25e-05,-0.000354038,2026-01-06 15:00:00.076,hyperliquid,False,0.0,ETH
ETH,1.25e-05,-0.0002795069,2026-01-06 16:00:00.036,hyperliquid,False,0.0,ETH
ETH,1.25e-05,-0.0002892154,2026-01-06 17:00:00.012,hyperliquid,False,0.0,ETH
ETH,1.25e-05,-0.0002342216,2026-01-06 18:00:00.001,hyperliquid,False,0.0,ETH
ETH,1.25e-05,-0.0001955033,2026-01-06 19:00:00.037,hyperliquid,False,0.0,ETH
ETH,1.25e-05,-0.0001682928,2026-01-06 20:00:00.018,hyperliquid,False,0.0,ETH
ETH,1.25e-05,-0.0002218106,2026-01-06 21:00:00.062,hyperliquid,False,0.0,ETH
ETH,1.25e-05,-0.0002290348,2026-01-06 22:00:00.005,hyperliquid,False,0.0,ETH
ETH,1.25e-05,-0.0002671909,2026-01-06 23:00:00.008,hyperliquid,False,0.0,ETH
ETH,1.25e-05,-0.0002221539,2026-01-07 00:00:00.119,hyperliquid,False,0.0,ETH
ETH,1.25e-05,-0.0002926754,2026-01-07 01:00:00.007,hyperliquid,False,0.0,ETH
ETH,1.25e-05,-0.0002993782,2026-01-07 02:00:00.010,hyperliquid,False,0.0,ETH
ETH,1.25e-05,-0.0002737971,2026-01-07 03:00:00.017,hyperliquid,False,0.0,ETH
ETH,1.25e-05,-0.000306973,2026-01-07 04:00:00.033,hyperliquid,False,0.0,ETH
ETH,1.25e-05,-0.0003428865,2026-01-07 05:00:00.087,hyperliquid,False,0.0,ETH
ETH,1.25e-05,-0.0003458042,2026-01-07 06:00:00.009,hyperliquid,False,0.0,ETH
ETH,1.25e-05,-0.0002790674,2026-01-07 07:00:00.014,hyperliquid,False,0.0,ETH
ETH,1.25e-05,-0.0002367213,2026-01-07 08:00:00.062,hyperliquid,False,0.0,ETH
ETH,1.25e-05,-0.000275082,2026-01-07 09:00:00.082,hyperliquid,False,0.0,ETH
ETH,1.25e-05,-0.0003229728,2026-01-07 10:00:00.029,hyperliquid,False,0.0,ETH
ETH,1.25e-05,-0.0002730975,2026-01-07 11:00:00.048,hyperliquid,False,0.0,ETH
ETH,1.25e-05,-0.0002222812,2026-01-07 12:00:00.096,hyperliquid,False,0.0,ETH
ETH,1.25e-05,-0.0002235706,2026-01-07 13:00:00.074,hyperliquid,False,0.0,ETH
ETH,1.25e-05,-0.0002405467,2026-01-07 14:00:00.040,hyperliquid,False,0.0,ETH
ETH,1.25e-05,-0.0002397307,2026-01-07 15:00:00.099,hyperliquid,False,0.0,ETH
ETH,1.25e-05,-0.0002194898,2026-01-07 16:00:00.081,hyperliquid,False,0.0,ETH
ETH,1.25e-05,-0.000222652,2026-01-07 17:00:00.013,hyperliquid,False,0.0,ETH
ETH,1.25e-05,-0.0002563728,2026-01-07 18:00:00.014,hyperliquid,False,0.0,ETH
ETH,1.25e-05,-0.0002564533,2026-01-07 19:00:00.055,hyperliquid,False,0.0,ETH
ETH,1.25e-05,-0.0002976028,2026-01-07 20:00:00.113,hyperliquid,False,0.0,ETH
ETH,1.25e-05,-0.0002914566,2026-01-07 21:00:00.117,hyperliquid,False,0.0,ETH
ETH,1.25e-05,-0.0002621871,2026-01-07 22:00:00.043,hyperliquid,False,0.0,ETH
ETH,1.25e-05,-0.0002225106,2026-01-07 23:00:00.090,hyperliquid,False,0.0,ETH
ETH,1.25e-05,-0.0002560076,2026-01-08 00:00:00.001,hyperliquid,False,0.0,ETH
ETH,1.25e-05,-0.0002259722,2026-01-08 01:00:00.035,hyperliquid,False,0.0,ETH
ETH,1.25e-05,-0.00033516,2026-01-08 02:00:00.029,hyperliquid,False,0.0,ETH
ETH,1.25e-05,-0.0003551306,2026-01-08 03:00:00.014,hyperliquid,False,0.0,ETH
ETH,1.25e-05,-0.0003637848,2026-01-08 04:00:00.069,hyperliquid,False,0.0,ETH
ETH,1.25e-05,-0.0003402409,2026-01-08 05:00:00.155,hyperliquid,False,0.0,ETH
ETH,1.25e-05,-0.0003850954,2026-01-08 06:00:00.094,hyperliquid,False,0.0,ETH
ETH,1.25e-05,-0.0003991021,2026-01-08 07:00:00.010,hyperliquid,False,0.0,ETH
ETH,1.25e-05,-0.000308446,2026-01-08 08:00:00.089,hyperliquid,False,0.0,ETH
ETH,1.25e-05,-0.000276901,2026-01-08 09:00:00.077,hyperliquid,False,0.0,ETH
ETH,1.25e-05,-0.0003093382,2026-01-08 10:00:00.037,hyperliquid,False,0.0,ETH
ETH,1.25e-05,-0.0002660341,2026-01-08 11:00:00.015,hyperliquid,False,0.0,ETH
ETH,1.25e-05,-0.0003793466,2026-01-08 12:00:00.137,hyperliquid,False,0.0,ETH
ETH,1.20611e-05,-0.0004035111,2026-01-08 13:00:00.040,hyperliquid,False,0.0,ETH
ETH,1.25e-05,-0.0003632893,2026-01-08 14:00:00.000,hyperliquid,False,0.0,ETH
ETH,1.25e-05,-0.0002754681,2026-01-08 15:00:00.106,hyperliquid,False,0.0,ETH
ETH,1.25e-05,0.0003741518,2026-01-08 16:00:00.063,hyperliquid,False,0.0,ETH
ETH,1.25e-05,0.0004207473,2026-01-08 17:00:00.004,hyperliquid,False,0.0,ETH
ETH,1.25e-05,0.0003716617,2026-01-08 18:00:00.008,hyperliquid,False,0.0,ETH
ETH,1.25e-05,0.0004044385,2026-01-08 19:00:00.013,hyperliquid,False,0.0,ETH
ETH,1.25e-05,0.0003387145,2026-01-08 20:00:00.098,hyperliquid,False,0.0,ETH
ETH,1.25e-05,0.000377599,2026-01-08 21:00:00.116,hyperliquid,False,0.0,ETH
ETH,1.25e-05,0.000454019,2026-01-08 22:00:00.008,hyperliquid,False,0.0,ETH
ETH,1.25e-05,0.0004440691,2026-01-08 23:00:00.085,hyperliquid,False,0.0,ETH
ETH,1.25e-05,0.0004179322,2026-01-09 00:00:00.020,hyperliquid,False,0.0,ETH
